team_abbr,player_name,target_position,potential_rank,fit_score,filter_reason
ATL,Stephen Curry,PG,2,3.3595,Untouchable
ATL,Nikola Jokić,C,3,3.2108,Untouchable
ATL,Victor Wembanyama,C,4,3.1501,Untouchable
ATL,Giannis Antetokounmpo,PF,5,3.1391,Untouchable
ATL,Jayson Tatum,PF,6,3.0562,Untouchable
ATL,Donovan Mitchell,SG,7,3.053,Untouchable
ATL,Joel Embiid,C,8,2.9807,Untouchable
ATL,LeBron James,PF,9,2.9505,Untouchable
ATL,Kawhi Leonard,SF,12,2.7441,Untouchable
ATL,James Harden,PG,13,2.7285,Untouchable
ATL,Anthony Edwards,SG,16,2.6328,Untouchable
ATL,Jaylen Brown,SF,17,2.6315,Untouchable
ATL,Shai Gilgeous-Alexander,PG,18,2.6249,Untouchable
ATL,Devin Booker,PG,19,2.5632,Untouchable
BOS,Giannis Antetokounmpo,PF,2,2.264,Untouchable
BOS,Stephen Curry,PG,3,2.2599,Untouchable
BOS,Nikola Jokić,C,4,2.2305,Untouchable
BOS,Joel Embiid,C,5,2.1521,Untouchable
BOS,Donovan Mitchell,SG,6,2.0628,Untouchable
BOS,LeBron James,PF,7,2.0585,Untouchable
BOS,Trae Young,PG,8,2.0361,Untouchable
BOS,Victor Wembanyama,C,9,2.0244,Untouchable
BOS,Shai Gilgeous-Alexander,PG,12,1.8903,Untouchable
BOS,Devin Booker,PG,13,1.8664,Untouchable
BOS,Kawhi Leonard,SF,14,1.836,Untouchable
BOS,James Harden,PG,16,1.829,Untouchable
BOS,Anthony Edwards,SG,19,1.7437,Untouchable
BOS,Tyrese Haliburton,PG,20,1.6921,Untouchable
BRK,Stephen Curry,PG,2,3.5216,Untouchable
BRK,Donovan Mitchell,SG,3,3.1385,Untouchable
BRK,Jayson Tatum,PF,4,3.1006,Untouchable
BRK,Nikola Jokić,C,5,3.0903,Untouchable
BRK,Victor Wembanyama,C,6,3.0875,Untouchable
BRK,Giannis Antetokounmpo,PF,7,3.0302,Untouchable
BRK,LeBron James,PF,9,2.9556,Untouchable
BRK,Joel Embiid,C,10,2.9023,Untouchable
BRK,Trae Young,PG,12,2.8616,Untouchable
BRK,James Harden,PG,13,2.7678,Untouchable
BRK,Kawhi Leonard,SF,14,2.7231,Untouchable
BRK,Anthony Edwards,SG,16,2.6745,Untouchable
BRK,Jaylen Brown,SF,17,2.6661,Untouchable
BRK,Devin Booker,PG,20,2.6215,Untouchable
CHO,Stephen Curry,PG,2,3.8767,Untouchable
CHO,Victor Wembanyama,C,3,3.4961,Untouchable
CHO,Donovan Mitchell,SG,4,3.4702,Untouchable
CHO,Nikola Jokić,C,5,3.4591,Untouchable
CHO,Jayson Tatum,PF,6,3.4463,Untouchable
CHO,Giannis Antetokounmpo,PF,7,3.3597,Untouchable
CHO,LeBron James,PF,8,3.2686,Untouchable
CHO,Joel Embiid,C,11,3.2095,Untouchable
CHO,Trae Young,PG,12,3.1006,Untouchable
CHO,James Harden,PG,13,3.0767,Untouchable
CHO,Kawhi Leonard,SF,14,3.0469,Untouchable
CHO,Anthony Edwards,SG,15,2.9792,Untouchable
CHO,Jaylen Brown,SF,16,2.9616,Untouchable
CHO,Tyrese Haliburton,PG,20,2.8733,Untouchable
CHI,Stephen Curry,PG,2,3.2825,Untouchable
CHI,Donovan Mitchell,SG,3,2.9226,Untouchable
CHI,Jayson Tatum,PF,4,2.8807,Untouchable
CHI,Nikola Jokić,C,5,2.8746,Untouchable
CHI,Victor Wembanyama,C,6,2.8405,Untouchable
CHI,Giannis Antetokounmpo,PF,7,2.8376,Untouchable
CHI,LeBron James,PF,9,2.7604,Untouchable
CHI,Joel Embiid,C,10,2.7202,Untouchable
CHI,Trae Young,PG,11,2.7024,Untouchable
CHI,James Harden,PG,13,2.5713,Untouchable
CHI,Kawhi Leonard,SF,15,2.5241,Untouchable
CHI,Anthony Edwards,SG,16,2.4803,Untouchable
CHI,Jaylen Brown,SF,17,2.4785,Untouchable
CHI,Devin Booker,PG,18,2.4695,Untouchable
CLE,Stephen Curry,PG,2,3.1223,Untouchable
CLE,Nikola Jokić,C,3,2.8821,Untouchable
CLE,Giannis Antetokounmpo,PF,4,2.8451,Untouchable
CLE,Victor Wembanyama,C,5,2.8061,Untouchable
CLE,Jayson Tatum,PF,6,2.793,Untouchable
CLE,Joel Embiid,C,7,2.7132,Untouchable
CLE,LeBron James,PF,8,2.7021,Untouchable
CLE,Trae Young,PG,10,2.6037,Untouchable
CLE,James Harden,PG,12,2.4932,Untouchable
CLE,Kawhi Leonard,SF,13,2.4797,Untouchable
CLE,Jaylen Brown,SF,16,2.4056,Untouchable
CLE,Shai Gilgeous-Alexander,PG,17,2.4042,Untouchable
CLE,Anthony Edwards,SG,18,2.4015,Untouchable
CLE,Devin Booker,PG,19,2.3932,Untouchable
DAL,Stephen Curry,PG,1,3.0929,Untouchable
DAL,Nikola Jokić,C,2,3.0501,Untouchable
DAL,Giannis Antetokounmpo,PF,3,2.996,Untouchable
DAL,Victor Wembanyama,C,4,2.9435,Untouchable
DAL,Jayson Tatum,PF,5,2.8423,Untouchable
DAL,Joel Embiid,C,6,2.838,Untouchable
DAL,Donovan Mitchell,SG,7,2.8305,Untouchable
DAL,LeBron James,PF,8,2.7709,Untouchable
DAL,Trae Young,PG,11,2.5942,Untouchable
DAL,Kawhi Leonard,SF,12,2.569,Untouchable
DAL,James Harden,PG,13,2.5376,Untouchable
DAL,Shai Gilgeous-Alexander,PG,15,2.4877,Untouchable
DAL,Jaylen Brown,SF,17,2.45,Untouchable
DAL,Anthony Edwards,SG,18,2.4432,Untouchable
DAL,Devin Booker,PG,19,2.4071,Untouchable
DEN,Stephen Curry,PG,2,2.6405,Untouchable
DEN,Giannis Antetokounmpo,PF,3,2.544,Untouchable
DEN,Joel Embiid,C,4,2.4196,Untouchable
DEN,Donovan Mitchell,SG,5,2.3997,Untouchable
DEN,Victor Wembanyama,C,6,2.392,Untouchable
DEN,Jayson Tatum,PF,7,2.3878,Untouchable
DEN,LeBron James,PF,8,2.355,Untouchable
DEN,Trae Young,PG,10,2.2879,Untouchable
DEN,Kawhi Leonard,SF,13,2.1354,Untouchable
DEN,James Harden,PG,14,2.1314,Untouchable
DEN,Shai Gilgeous-Alexander,PG,15,2.1311,Untouchable
DEN,Devin Booker,PG,16,2.1033,Untouchable
DEN,Jaylen Brown,SF,18,2.0612,Untouchable
DEN,Anthony Edwards,SG,19,2.0429,Untouchable
DET,Stephen Curry,PG,2,3.9033,Untouchable
DET,Victor Wembanyama,C,3,3.4995,Untouchable
DET,Donovan Mitchell,SG,4,3.4879,Untouchable
DET,Jayson Tatum,PF,5,3.4599,Untouchable
DET,Nikola Jokić,C,6,3.4553,Untouchable
DET,Giannis Antetokounmpo,PF,7,3.3561,Untouchable
DET,LeBron James,PF,9,3.277,Untouchable
DET,Joel Embiid,C,11,3.2086,Untouchable
DET,Trae Young,PG,12,3.1169,Untouchable
DET,James Harden,PG,13,3.0888,Untouchable
DET,Kawhi Leonard,SF,14,3.0528,Untouchable
DET,Anthony Edwards,SG,15,2.9914,Untouchable
DET,Jaylen Brown,SF,16,2.9728,Untouchable
DET,Tyrese Haliburton,PG,20,2.8861,Untouchable
GSW,Nikola Jokić,C,2,2.9024,Untouchable
GSW,Giannis Antetokounmpo,PF,3,2.864,Untouchable
GSW,Victor Wembanyama,C,4,2.7768,Untouchable
GSW,Joel Embiid,C,5,2.7141,Untouchable
GSW,Jayson Tatum,PF,6,2.6971,Untouchable
GSW,Donovan Mitchell,SG,7,2.6893,Untouchable
GSW,LeBron James,PF,8,2.6409,Untouchable
GSW,Trae Young,PG,11,2.4911,Untouchable
GSW,Kawhi Leonard,SF,12,2.4356,Untouchable
GSW,James Harden,PG,14,2.4078,Untouchable
GSW,Shai Gilgeous-Alexander,PG,15,2.3793,Untouchable
GSW,Jaylen Brown,SF,17,2.326,Untouchable
GSW,Anthony Edwards,SG,18,2.3151,Untouchable
GSW,Devin Booker,PG,19,2.3077,Untouchable
HOU,Stephen Curry,PG,2,3.4874,Untouchable
HOU,Donovan Mitchell,SG,3,3.0878,Untouchable
HOU,Jayson Tatum,PF,4,3.035,Untouchable
HOU,Victor Wembanyama,C,5,2.9771,Untouchable
HOU,Nikola Jokić,C,6,2.9724,Untouchable
HOU,Giannis Antetokounmpo,PF,8,2.9245,Untouchable
HOU,LeBron James,PF,9,2.8861,Untouchable
HOU,Trae Young,PG,10,2.8344,Untouchable
HOU,Joel Embiid,C,12,2.8104,Untouchable
HOU,James Harden,PG,13,2.7091,Untouchable
HOU,Kawhi Leonard,SF,14,2.6437,Untouchable
HOU,Anthony Edwards,SG,17,2.6173,Untouchable
HOU,Jaylen Brown,SF,18,2.6091,Untouchable
HOU,Devin Booker,PG,20,2.5852,Untouchable
IND,Nikola Jokić,C,2,2.8247,Untouchable
IND,Giannis Antetokounmpo,PF,3,2.7957,Untouchable
IND,Joel Embiid,C,4,2.6296,Untouchable
IND,Victor Wembanyama,C,5,2.627,Untouchable
IND,Stephen Curry,PG,6,2.6141,Untouchable
IND,Jayson Tatum,PF,7,2.483,Untouchable
IND,LeBron James,PF,8,2.4786,Untouchable
IND,Donovan Mitchell,SG,9,2.4453,Untouchable
IND,Kawhi Leonard,SF,10,2.2913,Untouchable
IND,Trae Young,PG,12,2.2862,Untouchable
IND,Shai Gilgeous-Alexander,PG,14,2.2749,Untouchable
IND,James Harden,PG,16,2.2168,Untouchable
IND,Jaylen Brown,SF,18,2.146,Untouchable
IND,Devin Booker,PG,20,2.1375,Untouchable
LAC,Stephen Curry,PG,2,2.6418,Untouchable
LAC,Nikola Jokić,C,3,2.5885,Untouchable
LAC,Giannis Antetokounmpo,PF,4,2.5837,Untouchable
LAC,Joel Embiid,C,5,2.4532,Untouchable
LAC,Victor Wembanyama,C,6,2.4305,Untouchable
LAC,Donovan Mitchell,SG,7,2.4107,Untouchable
LAC,Jayson Tatum,PF,8,2.406,Untouchable
LAC,LeBron James,PF,9,2.3767,Untouchable
LAC,Trae Young,PG,11,2.2911,Untouchable
LAC,Shai Gilgeous-Alexander,PG,13,2.1548,Untouchable
LAC,Devin Booker,PG,14,2.1114,Untouchable
LAC,Jaylen Brown,SF,16,2.0771,Untouchable
LAC,Anthony Edwards,SG,17,2.0585,Untouchable
LAC,Tyrese Haliburton,PG,19,1.9898,Untouchable
LAC,Kyrie Irving,SG,20,1.9545,Untouchable
LAL,Stephen Curry,PG,2,2.7687,Untouchable
LAL,Nikola Jokić,C,3,2.7232,Untouchable
LAL,Giannis Antetokounmpo,PF,4,2.7039,Untouchable
LAL,Victor Wembanyama,C,5,2.5789,Untouchable
LAL,Joel Embiid,C,6,2.565,Untouchable
LAL,Jayson Tatum,PF,7,2.5306,Untouchable
LAL,Donovan Mitchell,SG,8,2.5299,Untouchable
LAL,Trae Young,PG,10,2.3766,Untouchable
LAL,Kawhi Leonard,SF,13,2.279,Untouchable
LAL,James Harden,PG,14,2.259,Untouchable
LAL,Shai Gilgeous-Alexander,PG,15,2.251,Untouchable
LAL,Devin Booker,PG,17,2.1954,Untouchable
LAL,Jaylen Brown,SF,18,2.1837,Untouchable
LAL,Anthony Edwards,SG,19,2.1683,Untouchable
MEM,Stephen Curry,PG,1,3.9673,Untouchable
MEM,Donovan Mitchell,SG,3,3.4182,Untouchable
MEM,Jayson Tatum,PF,5,3.2995,Untouchable
MEM,Trae Young,PG,6,3.1304,Untouchable
MEM,Victor Wembanyama,C,8,3.0839,Untouchable
MEM,LeBron James,PF,10,3.0627,Untouchable
MEM,Nikola Jokić,C,11,2.9544,Untouchable
MEM,James Harden,PG,12,2.9447,Untouchable
MEM,Giannis Antetokounmpo,PF,13,2.9062,Untouchable
MEM,Anthony Edwards,SG,15,2.8549,Untouchable
MEM,Joel Embiid,C,17,2.8347,Untouchable
MEM,Jaylen Brown,SF,18,2.8291,Untouchable
MEM,Devin Booker,PG,19,2.8145,Untouchable
MIA,Stephen Curry,PG,2,3.3463,Untouchable
MIA,Nikola Jokić,C,3,3.0833,Untouchable
MIA,Victor Wembanyama,C,4,3.0367,Untouchable
MIA,Giannis Antetokounmpo,PF,5,3.0246,Untouchable
MIA,Donovan Mitchell,SG,6,3.0147,Untouchable
MIA,Jayson Tatum,PF,7,2.9987,Untouchable
MIA,LeBron James,PF,8,2.8846,Untouchable
MIA,Joel Embiid,C,9,2.8832,Untouchable
MIA,Trae Young,PG,12,2.7528,Untouchable
MIA,James Harden,PG,13,2.677,Untouchable
MIA,Kawhi Leonard,SF,14,2.6656,Untouchable
MIA,Anthony Edwards,SG,17,2.5831,Untouchable
MIA,Jaylen Brown,SF,18,2.5811,Untouchable
MIA,Shai Gilgeous-Alexander,PG,19,2.5546,Untouchable
MIA,Devin Booker,PG,20,2.5354,Untouchable
MIL,Stephen Curry,PG,2,2.8875,Untouchable
MIL,Nikola Jokić,C,3,2.8657,Untouchable
MIL,Victor Wembanyama,C,4,2.7321,Untouchable
MIL,Joel Embiid,C,5,2.6823,Untouchable
MIL,Jayson Tatum,PF,6,2.6537,Untouchable
MIL,Donovan Mitchell,SG,7,2.6452,Untouchable
MIL,LeBron James,PF,8,2.6037,Untouchable
MIL,Trae Young,PG,9,2.4575,Untouchable
MIL,Kawhi Leonard,SF,11,2.3986,Untouchable
MIL,James Harden,PG,13,2.3691,Untouchable
MIL,Shai Gilgeous-Alexander,PG,14,2.3498,Untouchable
MIL,Jaylen Brown,SF,16,2.2892,Untouchable
MIL,Devin Booker,PG,17,2.2768,Untouchable
MIL,Anthony Edwards,SG,18,2.2767,Untouchable
MIL,Tyrese Haliburton,PG,20,2.1943,Untouchable
MIN,Stephen Curry,PG,2,2.5725,Untouchable
MIN,Giannis Antetokounmpo,PF,3,2.3166,Untouchable
MIN,Donovan Mitchell,SG,4,2.2945,Untouchable
MIN,Nikola Jokić,C,5,2.2906,Untouchable
MIN,Jayson Tatum,PF,7,2.2498,Untouchable
MIN,Trae Young,PG,8,2.2327,Untouchable
MIN,Joel Embiid,C,9,2.2223,Untouchable
MIN,LeBron James,PF,10,2.2078,Untouchable
MIN,Victor Wembanyama,C,11,2.1559,Untouchable
MIN,Devin Booker,PG,13,2.0279,Untouchable
MIN,James Harden,PG,15,2.0078,Untouchable
MIN,Shai Gilgeous-Alexander,PG,16,1.983,Untouchable
MIN,Kawhi Leonard,SF,17,1.9664,Untouchable
MIN,Jaylen Brown,SF,19,1.941,Untouchable
NOP,Stephen Curry,PG,2,2.6674,Untouchable
NOP,Giannis Antetokounmpo,PF,3,2.5374,Untouchable
NOP,Nikola Jokić,C,4,2.5371,Untouchable
NOP,Donovan Mitchell,SG,5,2.4169,Untouchable
NOP,Joel Embiid,C,6,2.4163,Untouchable
NOP,Jayson Tatum,PF,7,2.4002,Untouchable
NOP,Victor Wembanyama,C,8,2.3926,Untouchable
NOP,LeBron James,PF,9,2.362,Untouchable
NOP,Trae Young,PG,11,2.3042,Untouchable
NOP,James Harden,PG,14,2.1424,Untouchable
NOP,Kawhi Leonard,SF,15,2.1394,Untouchable
NOP,Shai Gilgeous-Alexander,PG,16,2.1324,Untouchable
NOP,Devin Booker,PG,17,2.1152,Untouchable
NOP,Jaylen Brown,SF,19,2.0714,Untouchable
NOP,Anthony Edwards,SG,20,2.0541,Untouchable
NYK,Stephen Curry,PG,2,3.114,Untouchable
NYK,Nikola Jokić,C,3,2.8886,Untouchable
NYK,Giannis Antetokounmpo,PF,4,2.8509,Untouchable
NYK,Victor Wembanyama,C,5,2.8096,Untouchable
NYK,Donovan Mitchell,SG,6,2.8083,Untouchable
NYK,Jayson Tatum,PF,7,2.7909,Untouchable
NYK,Joel Embiid,C,8,2.7175,Untouchable
NYK,LeBron James,PF,9,2.702,Untouchable
NYK,Trae Young,PG,11,2.5989,Untouchable
NYK,James Harden,PG,13,2.4913,Untouchable
NYK,Kawhi Leonard,SF,14,2.481,Untouchable
NYK,Shai Gilgeous-Alexander,PG,16,2.406,Untouchable
NYK,Jaylen Brown,SF,17,2.4039,Untouchable
NYK,Anthony Edwards,SG,18,2.3995,Untouchable
NYK,Devin Booker,PG,19,2.3903,Untouchable
OKC,Stephen Curry,PG,2,2.3007,Untouchable
OKC,Giannis Antetokounmpo,PF,3,2.2957,Untouchable
OKC,Nikola Jokić,C,4,2.266,Untouchable
OKC,Joel Embiid,C,5,2.1822,Untouchable
OKC,Donovan Mitchell,SG,6,2.0994,Untouchable
OKC,LeBron James,PF,7,2.0912,Untouchable
OKC,Jayson Tatum,PF,8,2.0864,Untouchable
OKC,Victor Wembanyama,C,9,2.0654,Untouchable
OKC,Trae Young,PG,10,2.0632,Untouchable
OKC,Devin Booker,PG,13,1.8922,Untouchable
OKC,Kawhi Leonard,SF,15,1.8692,Untouchable
OKC,James Harden,PG,16,1.8621,Untouchable
OKC,Jaylen Brown,SF,19,1.8044,Untouchable
OKC,Anthony Edwards,SG,20,1.7765,Untouchable
ORL,Stephen Curry,PG,2,3.3123,Untouchable
ORL,Donovan Mitchell,SG,3,2.9298,Untouchable
ORL,Jayson Tatum,PF,4,2.8742,Untouchable
ORL,Nikola Jokić,C,6,2.8151,Untouchable
ORL,Victor Wembanyama,C,7,2.7968,Untouchable
ORL,Giannis Antetokounmpo,PF,8,2.784,Untouchable
ORL,LeBron James,PF,9,2.7435,Untouchable
ORL,Trae Young,PG,10,2.7178,Untouchable
ORL,Joel Embiid,C,11,2.6776,Untouchable
ORL,James Harden,PG,13,2.5654,Untouchable
ORL,Kawhi Leonard,SF,16,2.4984,Untouchable
ORL,Anthony Edwards,SG,17,2.4753,Untouchable
ORL,Devin Booker,PG,18,2.474,Untouchable
ORL,Jaylen Brown,SF,19,2.4719,Untouchable
PHI,Stephen Curry,PG,2,3.0664,Untouchable
PHI,Donovan Mitchell,SG,3,2.706,Untouchable
PHI,Jayson Tatum,PF,5,2.6448,Untouchable
PHI,Nikola Jokić,C,6,2.5851,Untouchable
PHI,Giannis Antetokounmpo,PF,7,2.5787,Untouchable
PHI,Trae Young,PG,8,2.5537,Untouchable
PHI,LeBron James,PF,9,2.5389,Untouchable
PHI,Victor Wembanyama,C,10,2.5357,Untouchable
PHI,James Harden,PG,12,2.3605,Untouchable
PHI,Devin Booker,PG,14,2.3164,Untouchable
PHI,Kawhi Leonard,SF,16,2.289,Untouchable
PHI,Jaylen Brown,SF,17,2.2762,Untouchable
PHI,Anthony Edwards,SG,18,2.2729,Untouchable
PHO,Stephen Curry,PG,2,2.5933,Untouchable
PHO,Giannis Antetokounmpo,PF,3,2.4984,Untouchable
PHO,Nikola Jokić,C,4,2.4933,Untouchable
PHO,Joel Embiid,C,5,2.3773,Untouchable
PHO,Donovan Mitchell,SG,6,2.3552,Untouchable
PHO,Jayson Tatum,PF,7,2.3412,Untouchable
PHO,Victor Wembanyama,C,8,2.336,Untouchable
PHO,LeBron James,PF,9,2.3125,Untouchable
PHO,Trae Young,PG,11,2.2561,Untouchable
PHO,Shai Gilgeous-Alexander,PG,13,2.0948,Untouchable
PHO,Kawhi Leonard,SF,14,2.0913,Untouchable
PHO,James Harden,PG,15,2.0897,Untouchable
PHO,Jaylen Brown,SF,17,2.0212,Untouchable
PHO,Anthony Edwards,SG,19,2.0017,Untouchable
PHO,Tyrese Haliburton,PG,20,1.9383,Untouchable
POR,Stephen Curry,PG,2,4.1988,Untouchable
POR,Donovan Mitchell,SG,3,3.709,Untouchable
POR,Jayson Tatum,PF,4,3.6531,Untouchable
POR,Victor Wembanyama,C,5,3.6321,Untouchable
POR,Nikola Jokić,C,6,3.5216,Untouchable
POR,LeBron James,PF,9,3.4227,Untouchable
POR,Giannis Antetokounmpo,PF,10,3.4143,Untouchable
POR,Trae Young,PG,11,3.3032,Untouchable
POR,Joel Embiid,C,12,3.2822,Untouchable
POR,James Harden,PG,13,3.2611,Untouchable
POR,Kawhi Leonard,SF,15,3.1816,Untouchable
POR,Anthony Edwards,SG,16,3.1638,Untouchable
POR,Jaylen Brown,SF,17,3.1352,Untouchable
SAC,Stephen Curry,PG,2,3.1655,Untouchable
SAC,Nikola Jokić,C,3,3.0304,Untouchable
SAC,Giannis Antetokounmpo,PF,4,2.978,Untouchable
SAC,Victor Wembanyama,C,5,2.9451,Untouchable
SAC,Donovan Mitchell,SG,6,2.8766,Untouchable
SAC,Jayson Tatum,PF,7,2.8757,Untouchable
SAC,Joel Embiid,C,8,2.8289,Untouchable
SAC,LeBron James,PF,9,2.7896,Untouchable
SAC,Trae Young,PG,12,2.6382,Untouchable
SAC,Kawhi Leonard,SF,13,2.5796,Untouchable
SAC,James Harden,PG,14,2.5672,Untouchable
SAC,Shai Gilgeous-Alexander,PG,17,2.4914,Untouchable
SAC,Jaylen Brown,SF,18,2.4775,Untouchable
SAC,Anthony Edwards,SG,19,2.4735,Untouchable
SAC,Devin Booker,PG,20,2.439,Untouchable
SAS,Stephen Curry,PG,2,3.6858,Untouchable
SAS,Donovan Mitchell,SG,3,3.2363,Untouchable
SAS,Jayson Tatum,PF,4,3.1647,Untouchable
SAS,Nikola Jokić,C,6,3.0168,Untouchable
SAS,LeBron James,PF,7,2.9839,Untouchable
SAS,Giannis Antetokounmpo,PF,8,2.9635,Untouchable
SAS,Trae Young,PG,9,2.9595,Untouchable
SAS,Joel Embiid,C,11,2.8597,Untouchable
SAS,James Harden,PG,12,2.8248,Untouchable
SAS,Anthony Edwards,SG,14,2.7331,Untouchable
SAS,Kawhi Leonard,SF,15,2.7302,Untouchable
SAS,Jaylen Brown,SF,17,2.7181,Untouchable
SAS,Devin Booker,PG,19,2.6887,Untouchable
TOR,Stephen Curry,PG,2,3.6428,Untouchable
TOR,Donovan Mitchell,SG,3,3.2528,Untouchable
TOR,Victor Wembanyama,C,4,3.231,Untouchable
TOR,Nikola Jokić,C,5,3.2209,Untouchable
TOR,Jayson Tatum,PF,6,3.2205,Untouchable
TOR,Giannis Antetokounmpo,PF,7,3.1469,Untouchable
TOR,LeBron James,PF,9,3.0647,Untouchable
TOR,Joel Embiid,C,10,3.0108,Untouchable
TOR,Trae Young,PG,12,2.9434,Untouchable
TOR,James Harden,PG,13,2.8749,Untouchable
TOR,Kawhi Leonard,SF,14,2.8364,Untouchable
TOR,Anthony Edwards,SG,16,2.7801,Untouchable
TOR,Jaylen Brown,SF,17,2.7686,Untouchable
TOR,Devin Booker,PG,20,2.702,Untouchable
UTA,Stephen Curry,PG,2,3.46,Untouchable
UTA,Nikola Jokić,C,3,3.1426,Untouchable
UTA,Victor Wembanyama,C,4,3.1169,Untouchable
UTA,Donovan Mitchell,SG,5,3.1075,Untouchable
UTA,Jayson Tatum,PF,6,3.0863,Untouchable
UTA,Giannis Antetokounmpo,PF,7,3.0774,Untouchable
UTA,LeBron James,PF,8,2.9567,Untouchable
UTA,Joel Embiid,C,10,2.937,Untouchable
UTA,Trae Young,PG,12,2.8262,Untouchable
UTA,James Harden,PG,13,2.7552,Untouchable
UTA,Kawhi Leonard,SF,14,2.7349,Untouchable
UTA,Anthony Edwards,SG,16,2.6608,Untouchable
UTA,Jaylen Brown,SF,17,2.6552,Untouchable
UTA,Shai Gilgeous-Alexander,PG,19,2.6082,Untouchable
UTA,Devin Booker,PG,20,2.6004,Untouchable
WAS,Stephen Curry,PG,2,3.775,Untouchable
WAS,Victor Wembanyama,C,3,3.3878,Untouchable
WAS,Donovan Mitchell,SG,4,3.3775,Untouchable
WAS,Nikola Jokić,C,5,3.3636,Untouchable
WAS,Jayson Tatum,PF,6,3.3513,Untouchable
WAS,Giannis Antetokounmpo,PF,7,3.2743,Untouchable
WAS,LeBron James,PF,9,3.1837,Untouchable
WAS,Joel Embiid,C,11,3.1291,Untouchable
WAS,Trae Young,PG,12,3.0327,Untouchable
WAS,James Harden,PG,13,2.9918,Untouchable
WAS,Kawhi Leonard,SF,14,2.9601,Untouchable
WAS,Anthony Edwards,SG,15,2.8954,Untouchable
WAS,Jaylen Brown,SF,17,2.8805,Untouchable
WAS,Tyrese Haliburton,PG,20,2.794,Untouchable
