Team,Player,Rank,Fit,Mutual,Status
UTA,Kevin Love,1,1.603206086611098,False,🎯 MASTERCLASS
SAS,Stanley Umude,2,1.584929329353168,False,🔥 ELITE PICK
PHI,Paul George,3,1.5025268331412582,True,🔥 ELITE PICK
LAL,Luka Dončić,4,1.738262507240293,False,🔥 ELITE PICK
DAL,Klay Thompson,4,1.537499925765104,False,🔥 ELITE PICK
ATL,Kristaps Porziņģis,4,1.3695529160833757,False,🔥 ELITE PICK
WAS,Cam Whitmore,5,1.4505451363515065,False,🔥 ELITE PICK
GSW,Buddy Hield,5,1.426590366954057,False,🔥 ELITE PICK
POR,Damian Lillard,6,1.5510676323272334,False,✅ STRONG PREDICTION
BOS,Luka Garza,6,1.2829463653931046,False,✅ STRONG PREDICTION
SAS,Lindy Waters III,7,1.4594072989396332,False,✅ STRONG PREDICTION
MIN,Bones Hyland,7,1.4452945343887773,False,✅ STRONG PREDICTION
MIN,Julius Randle,7,1.3850435593680372,False,✅ STRONG PREDICTION
DEN,Tim Hardaway Jr.,8,1.3671862337027458,False,✅ STRONG PREDICTION
NYK,Karl-Anthony Towns,8,1.3651064482493376,False,✅ STRONG PREDICTION
WAS,CJ McCollum,10,1.3897983259505624,False,✅ STRONG PREDICTION
DET,Duncan Robinson,10,1.3518576111478269,False,✅ STRONG PREDICTION
