team_abbr,target_position,pos_mean,team_mean,need_score
ATL,PG,1.6104263066006907,1.4773358048947842,0.13309050170590653
ATL,SG,1.5054925341260297,1.4773358048947842,0.02815672923124546
ATL,SF,1.4889896389661346,1.4773358048947842,0.011653834071350344
ATL,PF,1.4419019125908021,1.4773358048947842,-0.035433892303982084
ATL,C,1.3398686321902642,1.4773358048947842,-0.13746717270452002
BOS,PG,1.6138335401875856,1.4636010280481244,0.1502325121394612
BOS,SG,1.5054925341260297,1.4636010280481244,0.04189150607790526
BOS,SF,1.4537758681019253,1.4636010280481244,-0.009825159946199147
BOS,PF,1.4187219396685866,1.4636010280481244,-0.0448790883795378
BOS,C,1.3261812581564942,1.4636010280481244,-0.13741976989163018
BRK,PG,1.6138335401875856,1.4780172516121632,0.13581628857542238
BRK,SG,1.5054925341260297,1.4780172516121632,0.02747528251386644
BRK,SF,1.4889896389661346,1.4780172516121632,0.010972387353971325
BRK,PF,1.4419019125908021,1.4780172516121632,-0.036115339021361104
BRK,C,1.3398686321902642,1.4780172516121632,-0.13814861942189904
CHI,PG,1.6138335401875856,1.477006347130657,0.1368271930569287
CHI,SG,1.5054925341260297,1.477006347130657,0.028486186995372753
CHI,SF,1.4889896389661346,1.477006347130657,0.011983291835477639
CHI,PF,1.4419019125908021,1.477006347130657,-0.03510443453985479
CHI,C,1.3348141097827328,1.477006347130657,-0.14219223734792408
CHO,PG,1.5947481597860835,1.4742001755318628,0.12054798425422075
CHO,SG,1.5054925341260297,1.4742001755318628,0.0312923585941669
CHO,SF,1.4889896389661346,1.4742001755318628,0.014789463434271788
CHO,PF,1.4419019125908021,1.4742001755318628,-0.03229826294106064
CHO,C,1.3398686321902642,1.4742001755318628,-0.13433154334159858
CLE,PG,1.6138335401875856,1.4724494238666517,0.14138411632093395
CLE,SF,1.4889896389661346,1.4724494238666517,0.01654021509948289
CLE,SG,1.477653395398473,1.4724494238666517,0.005203971531821283
CLE,PF,1.4419019125908021,1.4724494238666517,-0.030547511275849537
CLE,C,1.3398686321902642,1.4724494238666517,-0.13258079167638748
DAL,PG,1.577945071330873,1.466470796202483,0.11147427512838992
DAL,SF,1.4866610420303976,1.466470796202483,0.02019024582791462
DAL,SG,1.4859773228700777,1.466470796202483,0.01950652666759467
DAL,PF,1.4419019125908021,1.466470796202483,-0.02456888361168086
DAL,C,1.3398686321902642,1.466470796202483,-0.1266021640122188
DEN,PG,1.6138335401875856,1.4730461334889033,0.14078740669868228
DEN,SG,1.5054925341260297,1.4730461334889033,0.03244640063712634
DEN,SF,1.4889896389661346,1.4730461334889033,0.015943505477231223
DEN,PF,1.431807759482967,1.4730461334889033,-0.04123837400593633
DEN,C,1.3251071946818,1.4730461334889033,-0.1479389388071033
DET,PG,1.6138335401875856,1.4739126009291115,0.13992093925847415
DET,SF,1.4889896389661346,1.4739126009291115,0.015077038037023094
DET,SG,1.4849692807107717,1.4739126009291115,0.01105667978166025
DET,PF,1.4419019125908021,1.4739126009291115,-0.032010688338309334
DET,C,1.3398686321902642,1.4739126009291115,-0.13404396873884727
GSW,PG,1.5722165230250034,1.4658218549512523,0.10639466807375109
GSW,SG,1.5054925341260297,1.4658218549512523,0.0396706791747774
GSW,SF,1.4696296728241618,1.4658218549512523,0.0038078178729095136
GSW,PF,1.4419019125908021,1.4658218549512523,-0.02391994236045014
GSW,C,1.3398686321902642,1.4658218549512523,-0.12595322276098808
HOU,PG,1.6138335401875856,1.4734497696316475,0.1403837705559381
HOU,SG,1.4933196114240652,1.4734497696316475,0.019869841792417686
HOU,SF,1.4783251517655216,1.4734497696316475,0.004875382133874062
HOU,PF,1.4419019125908021,1.4734497696316475,-0.031547857040845395
HOU,C,1.3398686321902642,1.4734497696316475,-0.13358113744138334
IND,PG,1.6138335401875856,1.4763634495599895,0.13747009062759608
IND,SG,1.5054925341260297,1.4763634495599895,0.02912908456604013
IND,SF,1.4807206287052666,1.4763634495599895,0.0043571791452770015
IND,PF,1.4419019125908021,1.4763634495599895,-0.03446153696918741
IND,C,1.3398686321902642,1.4763634495599895,-0.13649481736972535
LAC,PG,1.6015660706568409,1.472028801831972,0.12953726882486882
LAC,SG,1.5054925341260297,1.472028801831972,0.033463732294057635
LAC,SF,1.4889896389661346,1.472028801831972,0.01696083713416252
LAC,PF,1.4242271332205914,1.472028801831972,-0.04780166861138069
LAC,C,1.3398686321902642,1.472028801831972,-0.13216016964170785
LAL,PG,1.6138335401875856,1.4758723705778698,0.13796116960971583
LAL,SG,1.5054925341260297,1.4758723705778698,0.029620163548159884
LAL,SF,1.4889896389661346,1.4758723705778698,0.013117268388264769
LAL,PF,1.4311775074193354,1.4758723705778698,-0.04469486315853444
LAL,C,1.3398686321902642,1.4758723705778698,-0.1360037383876056
MEM,PG,1.6138335401875856,1.4696307161463378,0.14420282404124785
MEM,SF,1.4889896389661346,1.4696307161463378,0.019358922819796787
MEM,SG,1.467605802046219,1.4696307161463378,-0.0020249141001187354
MEM,PF,1.4419019125908021,1.4696307161463378,-0.02772880355553564
MEM,C,1.3358226869409477,1.4696307161463378,-0.13380802920539003
MIA,PG,1.6138335401875856,1.4722309866740944,0.14160255351349127
MIA,SG,1.5050996488331247,1.4722309866740944,0.03286866215903039
MIA,SF,1.4881939042858896,1.4722309866740944,0.015962917611795246
MIA,PF,1.4141592078736074,1.4722309866740944,-0.05807177880048697
MIA,C,1.3398686321902642,1.4722309866740944,-0.13236235448383016
MIL,PG,1.596664558822179,1.4739658240177982,0.12269873480438087
MIL,SG,1.5054925341260297,1.4739658240177982,0.03152671010823149
MIL,SF,1.4889896389661346,1.4739658240177982,0.015023814948336378
MIL,PF,1.4388137559843845,1.4739658240177982,-0.03515206803341364
MIL,C,1.3398686321902642,1.4739658240177982,-0.134097191827534
MIN,PG,1.6138335401875856,1.476225359643011,0.13760818054457458
MIN,SG,1.5054925341260297,1.476225359643011,0.029267174483018632
MIN,SF,1.4889896389661346,1.476225359643011,0.012764279323123517
MIN,PF,1.4379691717097836,1.476225359643011,-0.03825618793322749
MIN,C,1.3348419132255214,1.476225359643011,-0.14138344641748968
NOP,PG,1.5502966047052724,1.4566137858127126,0.0936828188925598
NOP,SG,1.5054925341260297,1.4566137858127126,0.048878748313317066
NOP,SF,1.4455092454511949,1.4566137858127126,-0.011104540361517756
NOP,PF,1.4419019125908021,1.4566137858127126,-0.014711873221910476
NOP,C,1.3398686321902642,1.4566137858127126,-0.11674515362244842
NYK,PG,1.6138335401875856,1.4768319612135854,0.13700157897400023
NYK,SG,1.5054925341260297,1.4768319612135854,0.028660572912444282
NYK,SF,1.4889896389661346,1.4768319612135854,0.012157677752549167
NYK,PF,1.4359754605979134,1.4768319612135854,-0.04085650061567203
NYK,C,1.3398686321902642,1.4768319612135854,-0.1369633290233212
OKC,PG,1.6138335401875856,1.4747544891302704,0.13907905105731522
OKC,SG,1.4947623147756044,1.4747544891302704,0.020007825645333988
OKC,SF,1.4889896389661346,1.4747544891302704,0.014235149835864158
OKC,PF,1.4363183195317637,1.4747544891302704,-0.03843616959850671
OKC,C,1.3398686321902642,1.4747544891302704,-0.1348858569400062
ORL,PG,1.6138335401875856,1.473867443807937,0.13996609637964852
ORL,SG,1.5054925341260297,1.473867443807937,0.031625090318092575
ORL,SF,1.4682405999450048,1.473867443807937,-0.005626843862932329
ORL,PF,1.4419019125908021,1.473867443807937,-0.03196553121713497
ORL,C,1.3398686321902642,1.473867443807937,-0.1339988116176729
PHI,PG,1.5688212476904781,1.4653569760301712,0.10346427166030692
PHI,SG,1.5054925341260297,1.4653569760301712,0.04013555809585845
PHI,SF,1.4889896389661346,1.4653569760301712,0.023632662935963333
PHI,PF,1.4419019125908021,1.4653569760301712,-0.023455063439369095
PHI,C,1.3215795467774125,1.4653569760301712,-0.14377742925275871
PHO,PG,1.6138335401875856,1.4780172516121632,0.13581628857542238
PHO,SG,1.5054925341260297,1.4780172516121632,0.02747528251386644
PHO,SF,1.4889896389661346,1.4780172516121632,0.010972387353971325
PHO,PF,1.4419019125908021,1.4780172516121632,-0.036115339021361104
PHO,C,1.3398686321902642,1.4780172516121632,-0.13814861942189904
POR,PG,1.6138335401875856,1.477464078054325,0.13636946213326073
POR,SG,1.5054925341260297,1.477464078054325,0.028028456071704788
POR,SF,1.4889896389661346,1.477464078054325,0.011525560911809674
POR,PF,1.4419019125908021,1.477464078054325,-0.035562165463522755
POR,C,1.3371027644010725,1.477464078054325,-0.14036131365325244
SAC,PG,1.6138335401875856,1.4780172516121632,0.13581628857542238
SAC,SG,1.5054925341260297,1.4780172516121632,0.02747528251386644
SAC,SF,1.4889896389661346,1.4780172516121632,0.010972387353971325
SAC,PF,1.4419019125908021,1.4780172516121632,-0.036115339021361104
SAC,C,1.3398686321902642,1.4780172516121632,-0.13814861942189904
SAS,PG,1.6138335401875856,1.4726197949172692,0.14121374527031638
SAS,SG,1.5054925341260297,1.4726197949172692,0.03287273920876044
SAS,SF,1.4889896389661346,1.4726197949172692,0.016369844048865323
SAS,PF,1.4419019125908021,1.4726197949172692,-0.030717882326467105
SAS,C,1.3128813487157944,1.4726197949172692,-0.15973844620147482
TOR,PG,1.6138335401875856,1.4780172516121632,0.13581628857542238
TOR,SG,1.5054925341260297,1.4780172516121632,0.02747528251386644
TOR,SF,1.4889896389661346,1.4780172516121632,0.010972387353971325
TOR,PF,1.4419019125908021,1.4780172516121632,-0.036115339021361104
TOR,C,1.3398686321902642,1.4780172516121632,-0.13814861942189904
UTA,PG,1.6138335401875856,1.4763820685474902,0.1374514716400954
UTA,SG,1.5054925341260297,1.4763820685474902,0.02911046557853947
UTA,SF,1.4889896389661346,1.4763820685474902,0.012607570418644354
UTA,PF,1.433725997267437,1.4763820685474902,-0.04265607128005322
UTA,C,1.3398686321902642,1.4763820685474902,-0.13651343635722601
WAS,PG,1.6138335401875856,1.4728300040836604,0.14100353610392524
WAS,SG,1.5054925341260297,1.4728300040836604,0.0326625300423693
WAS,SF,1.481199528665722,1.4728300040836604,0.008369524582061638
WAS,PF,1.4419019125908021,1.4728300040836604,-0.030928091492858245
WAS,C,1.321722504848162,1.4728300040836604,-0.15110749923549838
