team_a,team_b,from_a_player,from_a_position,from_a_fit_score,from_b_player,from_b_position,from_b_fit_score,total_fit_score
DAL,POR,Luka Dončić,PG,4.2734,Deandre Ayton,C,1.6851,5.9585
DAL,SAC,Luka Dončić,PG,3.4347,Domantas Sabonis,C,2.2087,5.6434
DAL,BRK,Luka Dončić,PG,3.668,Nic Claxton,C,1.9022,5.5702
DAL,HOU,Luka Dončić,PG,3.5885,Alperen Şengün,C,1.9688,5.5573
DAL,LAL,Luka Dončić,PG,3.0521,Anthony Davis,C,2.2988,5.351
CHO,WAS,Terry Rozier,SG,2.6484,Kyle Kuzma,PF,2.5979,5.2463
NYK,CHO,Julius Randle,PF,2.9513,Terry Rozier,SG,2.1788,5.1301
UTA,CHO,Lauri Markkanen,PF,2.6806,Terry Rozier,SG,2.4254,5.106
MIL,POR,Damian Lillard,PG,3.5161,Deandre Ayton,C,1.5742,5.0902
LAC,CHO,Paul George,PF,3.2401,Terry Rozier,SG,1.8496,5.0897
DAL,LAC,Luka Dončić,PG,2.9114,Ivica Zubac,C,2.1449,5.0562
CHO,TOR,Terry Rozier,SG,2.547,Pascal Siakam,PF,2.4459,4.9928
NYK,WAS,Julius Randle,PF,2.8706,Jordan Poole,SG,2.112,4.9826
DAL,CLE,Luka Dončić,PG,3.3345,Jarrett Allen,C,1.6475,4.982
ATL,WAS,Dejounte Murray,SG,2.6806,Kyle Kuzma,PF,2.2853,4.9659
WAS,MEM,Kyle Kuzma,PF,2.5147,Desmond Bane,SG,2.4442,4.959
UTA,WAS,Lauri Markkanen,PF,2.6022,Jordan Poole,SG,2.3509,4.9531
DAL,NOP,Luka Dončić,PG,2.8998,Jonas Valančiūnas,C,2.043,4.9428
LAC,WAS,Paul George,PF,3.1437,Jordan Poole,SG,1.7863,4.93
MEM,DET,Desmond Bane,SG,2.5286,Bojan Bogdanović,PF,2.3717,4.9003
WAS,DET,Jordan Poole,SG,2.6568,Bojan Bogdanović,PF,2.2385,4.8953
NYK,ATL,Julius Randle,PF,2.648,Dejounte Murray,SG,2.2265,4.8745
WAS,TOR,Jordan Poole,SG,2.4767,Pascal Siakam,PF,2.382,4.8588
UTA,MEM,Lauri Markkanen,PF,2.6154,Desmond Bane,SG,2.2377,4.8531
WAS,TOR,Kyle Kuzma,PF,2.4248,Gary Trent Jr.,SG,2.4106,4.8355
MIA,CHO,Jimmy Butler,PF,2.4769,Terry Rozier,SG,2.3482,4.8251
MIL,HOU,Damian Lillard,PG,2.9685,Alperen Şengün,C,1.8419,4.8104
ATL,UTA,Dejounte Murray,SG,2.4674,Lauri Markkanen,PF,2.3362,4.8035
MIL,BRK,Damian Lillard,PG,2.9924,Nic Claxton,C,1.8026,4.7951
ATL,TOR,Dejounte Murray,SG,2.5617,Pascal Siakam,PF,2.2282,4.7899
GSW,CHO,Klay Thompson,SF,2.9271,Miles Bridges,SF,1.858,4.7851
HOU,WAS,Jalen Green,SG,2.4968,Kyle Kuzma,PF,2.2872,4.784
ORL,CHO,Paolo Banchero,PF,2.4953,Terry Rozier,SG,2.2858,4.7811
MIL,SAC,Damian Lillard,PG,2.7129,Domantas Sabonis,C,2.0679,4.7808
LAC,ATL,Paul George,PF,2.8549,Dejounte Murray,SG,1.9252,4.7801
GSW,CHO,Klay Thompson,SF,2.9271,Brandon Miller,SF,1.8517,4.7788
LAC,MEM,Paul George,PF,3.064,Desmond Bane,SG,1.7038,4.7678
ATL,WAS,Bogdan Bogdanović,SG,2.482,Kyle Kuzma,PF,2.2853,4.7673
NYK,MEM,Julius Randle,PF,2.7575,Desmond Bane,SG,2.0093,4.7668
PHO,CHO,Kevin Durant,PF,2.9544,Terry Rozier,SG,1.8057,4.76
CHI,WAS,Zach LaVine,SG,2.5755,Kyle Kuzma,PF,2.1635,4.739
ATL,MIA,Dejounte Murray,SG,2.4024,Jimmy Butler,PF,2.2947,4.6972
MIA,WAS,Jimmy Butler,PF,2.41,Jordan Poole,SG,2.2726,4.6826
NYK,TOR,Julius Randle,PF,2.7574,Gary Trent Jr.,SG,1.9208,4.6782
ORL,WAS,Paolo Banchero,PF,2.4287,Jordan Poole,SG,2.2477,4.6765
UTA,TOR,Lauri Markkanen,PF,2.496,Gary Trent Jr.,SG,2.1781,4.6741
HOU,DET,Jalen Green,SG,2.581,Bojan Bogdanović,PF,2.0729,4.6539
NYK,HOU,Julius Randle,PF,2.588,Jalen Green,SG,2.0628,4.6508
UTA,HOU,Lauri Markkanen,PF,2.3527,Jalen Green,SG,2.2904,4.6431
SAC,POR,De'Aaron Fox,PG,2.9802,Deandre Ayton,C,1.6611,4.6413
NYK,ATL,Julius Randle,PF,2.648,Bogdan Bogdanović,SG,1.9915,4.6395
PHO,WAS,Kevin Durant,PF,2.8828,Jordan Poole,SG,1.7525,4.6353
CHO,SAS,Brandon Miller,SF,2.3061,Keldon Johnson,SF,2.3186,4.6247
NYK,UTA,Julius Randle,PF,2.6545,Jordan Clarkson,SG,1.9695,4.624
NYK,CHI,Julius Randle,PF,2.4681,Zach LaVine,SG,2.149,4.6171
NYK,WAS,Immanuel Quickley,SG,2.5272,Kyle Kuzma,PF,2.0855,4.6127
DAL,BOS,Luka Dončić,PG,2.5115,Kristaps Porziņģis,C,2.098,4.6095
CHI,DET,Zach LaVine,SG,2.6582,Bojan Bogdanović,PF,1.9489,4.6071
ATL,TOR,Bogdan Bogdanović,SG,2.3788,Pascal Siakam,PF,2.2282,4.607
GSW,SAS,Klay Thompson,SF,2.8175,Keldon Johnson,SF,1.7873,4.6049
CHI,UTA,Zach LaVine,SG,2.3729,Lauri Markkanen,PF,2.2164,4.5893
TOR,MEM,Pascal Siakam,PF,2.2372,Desmond Bane,SG,2.3509,4.5881
ATL,UTA,Bogdan Bogdanović,SG,2.2488,Lauri Markkanen,PF,2.3362,4.585
LAC,HOU,Paul George,PF,2.817,Jalen Green,SG,1.7558,4.5728
MIL,LAL,Damian Lillard,PG,2.4074,Anthony Davis,C,2.1566,4.564
LAC,UTA,Paul George,PF,2.878,Jordan Clarkson,SG,1.6773,4.5553
HOU,TOR,Jalen Green,SG,2.4063,Pascal Siakam,PF,2.147,4.5534
CHI,TOR,Zach LaVine,SG,2.4844,Pascal Siakam,PF,2.0611,4.5454
PHO,ATL,Kevin Durant,PF,2.6737,Dejounte Murray,SG,1.8563,4.53
UTA,TOR,Jordan Clarkson,SG,2.2968,Pascal Siakam,PF,2.2181,4.5148
IND,CHO,Buddy Hield,SF,2.812,Miles Bridges,SF,1.7024,4.5143
CHO,SAS,Miles Bridges,SF,2.1953,Keldon Johnson,SF,2.3186,4.5139
LAC,CHI,Paul George,PF,2.6646,Zach LaVine,SG,1.8492,4.5138
LAC,ATL,Paul George,PF,2.8549,Bogdan Bogdanović,SG,1.6453,4.5003
NYK,WAS,Donte DiVincenzo,SG,2.4095,Kyle Kuzma,PF,2.0855,4.495
ORL,ATL,Paolo Banchero,PF,2.2591,Dejounte Murray,SG,2.2353,4.4944
PHO,MEM,Kevin Durant,PF,2.8106,Desmond Bane,SG,1.6639,4.4745
SAC,HOU,De'Aaron Fox,PG,2.5141,Alperen Şengün,C,1.953,4.467
IND,CHO,Buddy Hield,SF,2.812,Brandon Miller,SF,1.6507,4.4627
NYK,TOR,Immanuel Quickley,SG,2.4288,Pascal Siakam,PF,2.0329,4.4616
ATL,MIA,Bogdan Bogdanović,SG,2.1669,Jimmy Butler,PF,2.2947,4.4616
NYK,DET,Immanuel Quickley,SG,2.616,Bojan Bogdanović,PF,1.8437,4.4598
DAL,MIN,Luka Dončić,PG,2.7202,Rudy Gobert,C,1.7317,4.452
DAL,CHO,Tim Hardaway Jr.,SF,2.4825,Miles Bridges,SF,1.9682,4.4506
NOP,POR,CJ McCollum,PG,3.0928,Deandre Ayton,C,1.3577,4.4504
SAC,BRK,De'Aaron Fox,PG,2.5694,Nic Claxton,C,1.8787,4.448
DAL,CHO,Tim Hardaway Jr.,SF,2.4825,Brandon Miller,SF,1.9618,4.4442
MIL,CHO,Bobby Portis,PF,2.396,Terry Rozier,SG,2.0399,4.4359
NYK,UTA,Immanuel Quickley,SG,2.3097,Lauri Markkanen,PF,2.1259,4.4356
LAL,SAC,Anthony Davis,C,2.2775,De'Aaron Fox,PG,2.153,4.4305
ATL,CHO,Saddiq Bey,SF,2.2731,Brandon Miller,SF,2.1396,4.4128
LAL,POR,D'Angelo Russell,PG,2.9283,Deandre Ayton,C,1.4833,4.4116
ORL,MEM,Paolo Banchero,PF,2.3002,Desmond Bane,SG,2.1112,4.4114
MIL,ATL,Damian Lillard,PG,2.8615,Onyeka Okongwu,C,1.549,4.4105
MIA,TOR,Jimmy Butler,PF,2.3109,Gary Trent Jr.,SG,2.0975,4.4084
ATL,CHO,Saddiq Bey,SF,2.2731,Miles Bridges,SF,2.1277,4.4008
MIL,WAS,Malik Beasley,SG,2.4209,Kyle Kuzma,PF,1.9702,4.3912
ORL,ATL,Paolo Banchero,PF,2.2591,Bogdan Bogdanović,SG,2.1156,4.3747
CHI,MIA,Zach LaVine,SG,2.3023,Jimmy Butler,PF,2.0688,4.3711
UTA,MIA,Jordan Clarkson,SG,2.1131,Jimmy Butler,PF,2.2527,4.3658
ORL,HOU,Paolo Banchero,PF,2.1882,Jalen Green,SG,2.1766,4.3647
HOU,MIA,Jalen Green,SG,2.2174,Jimmy Butler,PF,2.1406,4.358
PHO,HOU,Kevin Durant,PF,2.6376,Jalen Green,SG,1.7194,4.357
NYK,DET,Donte DiVincenzo,SG,2.5084,Bojan Bogdanović,PF,1.8437,4.3521
LAC,MIL,Ivica Zubac,C,2.038,Damian Lillard,PG,2.3107,4.3487
ORL,UTA,Paolo Banchero,PF,2.2547,Jordan Clarkson,SG,2.0931,4.3479
CHI,ORL,Zach LaVine,SG,2.2507,Paolo Banchero,PF,2.0948,4.3455
PHO,CHI,Kevin Durant,PF,2.5266,Zach LaVine,SG,1.8105,4.3372
PHO,UTA,Kevin Durant,PF,2.6873,Jordan Clarkson,SG,1.6476,4.3349
LAC,NYK,Paul George,PF,2.5813,Immanuel Quickley,SG,1.7475,4.3288
MIN,CHO,Karl-Anthony Towns,PF,2.5527,Terry Rozier,SG,1.7614,4.3141
GSW,CHI,Klay Thompson,SF,2.4648,DeMar DeRozan,SF,1.8463,4.3111
ORL,CHO,Franz Wagner,SF,2.2507,Brandon Miller,SF,2.06,4.3107
MEM,MIA,Desmond Bane,SG,2.1658,Jimmy Butler,PF,2.1445,4.3104
NYK,MIA,Immanuel Quickley,SG,2.2341,Jimmy Butler,PF,2.0725,4.3066
MIL,TOR,Malik Beasley,SG,2.318,Pascal Siakam,PF,1.9762,4.2941
MIL,ATL,Bobby Portis,PF,2.1347,Dejounte Murray,SG,2.1533,4.288
GSW,ORL,Klay Thompson,SF,2.5016,Franz Wagner,SF,1.7824,4.2839
PHO,ATL,Kevin Durant,PF,2.6737,Bogdan Bogdanović,SG,1.6029,4.2767
CLE,POR,Darius Garland,PG,2.7187,Deandre Ayton,C,1.5561,4.2748
MIL,WAS,Bobby Portis,PF,2.3175,Jordan Poole,SG,1.9565,4.274
IND,SAS,Buddy Hield,SF,2.6291,Keldon Johnson,SF,1.6339,4.263
NYK,POR,Jalen Brunson,PG,2.6828,Deandre Ayton,C,1.562,4.2448
DAL,SAS,Tim Hardaway Jr.,SF,2.351,Keldon Johnson,SF,1.8895,4.2405
MIL,NOP,Damian Lillard,PG,2.3322,Jonas Valančiūnas,C,1.906,4.2382
NYK,ORL,Immanuel Quickley,SG,2.1757,Paolo Banchero,PF,2.0588,4.2345
SAC,CHO,Keegan Murray,SF,2.2299,Brandon Miller,SF,2.0019,4.2319
ORL,CHO,Franz Wagner,SF,2.2507,Miles Bridges,SF,1.9794,4.2302
NYK,SAC,Jalen Brunson,PG,2.1558,Domantas Sabonis,C,2.0704,4.2261
SAC,CHO,Keegan Murray,SF,2.2299,Miles Bridges,SF,1.9909,4.2208
MIN,WAS,Karl-Anthony Towns,PF,2.4823,Jordan Poole,SG,1.7372,4.2195
NOP,BRK,CJ McCollum,PG,2.5942,Nic Claxton,C,1.6054,4.1995
PHI,CHO,Kelly Oubre Jr.,SF,2.3086,Brandon Miller,SF,1.8852,4.1938
SAC,CLE,Domantas Sabonis,C,2.0643,Darius Garland,PG,2.118,4.1823
LAL,BRK,D'Angelo Russell,PG,2.4575,Nic Claxton,C,1.7203,4.1778
LAC,SAC,Ivica Zubac,C,2.1197,De'Aaron Fox,PG,2.0567,4.1764
NOP,HOU,CJ McCollum,PG,2.5633,Alperen Şengün,C,1.6122,4.1756
LAL,HOU,D'Angelo Russell,PG,2.4314,Alperen Şengün,C,1.7429,4.1742
PHO,NYK,Kevin Durant,PF,2.4686,Immanuel Quickley,SG,1.7053,4.1739
LAL,SAC,D'Angelo Russell,PG,2.2142,Domantas Sabonis,C,1.9561,4.1703
MIL,UTA,Malik Beasley,SG,2.1743,Lauri Markkanen,PF,1.9948,4.169
NOP,SAC,CJ McCollum,PG,2.3419,Domantas Sabonis,C,1.8062,4.1481
NYK,HOU,Jalen Brunson,PG,2.2899,Alperen Şengün,C,1.8528,4.1427
ATL,SAS,Saddiq Bey,SF,2.0876,Keldon Johnson,SF,2.0412,4.1288
CLE,HOU,Darius Garland,PG,2.2773,Alperen Şengün,C,1.848,4.1252
PHI,CHO,Kelly Oubre Jr.,SF,2.3086,Miles Bridges,SF,1.8056,4.1142
NYK,BRK,Jalen Brunson,PG,2.3218,Nic Claxton,C,1.7876,4.1094
NYK,LAL,Jalen Brunson,PG,1.9364,Anthony Davis,C,2.1612,4.0976
CLE,BRK,Darius Garland,PG,2.3106,Nic Claxton,C,1.782,4.0925
LAC,POR,Russell Westbrook,PG,2.6918,Deandre Ayton,C,1.3993,4.0911
LAC,SAC,Russell Westbrook,PG,2.231,Domantas Sabonis,C,1.8516,4.0827
IND,CHI,Buddy Hield,SF,2.2998,DeMar DeRozan,SF,1.781,4.0808
NOP,SAC,Jonas Valančiūnas,C,2.0278,De'Aaron Fox,PG,2.0478,4.0756
DAL,GSW,Tim Hardaway Jr.,SF,1.7961,Klay Thompson,SF,2.2619,4.058
MIL,ORL,Malik Beasley,SG,2.0614,Paolo Banchero,PF,1.9923,4.0537
GSW,PHI,Klay Thompson,SF,2.3085,Kelly Oubre Jr.,SF,1.7411,4.0496
NOP,CHO,Brandon Ingram,SF,2.3986,Brandon Miller,SF,1.6443,4.0429
NOP,CHO,Brandon Ingram,SF,2.3986,Miles Bridges,SF,1.6298,4.0284
LAL,CLE,Anthony Davis,C,2.1552,Darius Garland,PG,1.8716,4.0268
MIN,MEM,Karl-Anthony Towns,PF,2.398,Desmond Bane,SG,1.6254,4.0234
MIN,ATL,Karl-Anthony Towns,PF,2.282,Dejounte Murray,SG,1.7313,4.0133
MIL,BOS,Damian Lillard,PG,2.0183,Kristaps Porziņģis,C,1.9579,3.9762
IND,ORL,Buddy Hield,SF,2.3191,Franz Wagner,SF,1.6556,3.9746
DAL,CHI,Tim Hardaway Jr.,SF,2.0534,DeMar DeRozan,SF,1.9204,3.9739
MIL,ATL,Bobby Portis,PF,2.1347,Bogdan Bogdanović,SG,1.8384,3.9731
SAC,CLE,De'Aaron Fox,PG,2.3437,Jarrett Allen,C,1.6232,3.9669
LAC,BRK,Russell Westbrook,PG,2.3203,Nic Claxton,C,1.6444,3.9647
DAL,ORL,Tim Hardaway Jr.,SF,2.0772,Franz Wagner,SF,1.8766,3.9538
MIL,UTA,Bobby Portis,PF,2.1178,Jordan Clarkson,SG,1.8288,3.9466
NOP,LAL,CJ McCollum,PG,2.0465,Anthony Davis,C,1.8937,3.9401
MIN,HOU,Karl-Anthony Towns,PF,2.2384,Jalen Green,SG,1.6914,3.9299
MIN,UTA,Karl-Anthony Towns,PF,2.2917,Jordan Clarkson,SG,1.6356,3.9272
LAC,LAL,Russell Westbrook,PG,1.9786,Anthony Davis,C,1.9387,3.9174
LAL,GSW,Anthony Davis,C,2.1842,Chris Paul,PG,1.7249,3.9091
MIN,CHI,Karl-Anthony Towns,PF,2.1314,Zach LaVine,SG,1.7743,3.9056
NOP,GSW,Brandon Ingram,SF,1.9585,Klay Thompson,SF,1.9454,3.9039
BOS,SAC,Kristaps Porziņģis,C,2.1164,De'Aaron Fox,PG,1.7837,3.9001
LAC,HOU,Russell Westbrook,PG,2.2403,Alperen Şengün,C,1.6497,3.89
DEN,CHO,Michael Porter Jr.,SF,2.26,Brandon Miller,SF,1.6294,3.8894
NOP,ATL,CJ McCollum,PG,2.4881,Onyeka Okongwu,C,1.3962,3.8843
LAC,NYK,Ivica Zubac,C,2.0221,Jalen Brunson,PG,1.8612,3.8832
IND,GSW,Buddy Hield,SF,2.0298,Klay Thompson,SF,1.8519,3.8817
DEN,CHO,Michael Porter Jr.,SF,2.26,Miles Bridges,SF,1.6213,3.8814
ORL,ATL,Franz Wagner,SF,2.0105,Saddiq Bey,SF,1.853,3.8634
MIL,MIN,Damian Lillard,PG,2.2635,Rudy Gobert,C,1.5991,3.8627
MIN,ATL,Karl-Anthony Towns,PF,2.282,Bogdan Bogdanović,SG,1.5675,3.8495
PHI,SAS,Kelly Oubre Jr.,SF,2.0931,Keldon Johnson,SF,1.7558,3.8489
LAL,ATL,D'Angelo Russell,PG,2.3504,Onyeka Okongwu,C,1.4843,3.8347
MIN,POR,Mike Conley,PG,2.6443,Deandre Ayton,C,1.1862,3.8305
BOS,POR,Jrue Holiday,PG,2.6459,Deandre Ayton,C,1.1818,3.8277
MIL,NYK,Bobby Portis,PF,1.892,Immanuel Quickley,SG,1.9321,3.8241
SAC,PHI,Domantas Sabonis,C,1.8169,Tyrese Maxey,PG,1.9986,3.8155
LAC,CLE,Ivica Zubac,C,2.016,Darius Garland,PG,1.7881,3.8041
PHI,HOU,Tyrese Maxey,PG,2.1666,Alperen Şengün,C,1.6369,3.8035
NOP,SAS,Brandon Ingram,SF,2.2227,Keldon Johnson,SF,1.5797,3.8023
LAC,ATL,Russell Westbrook,PG,2.3736,Onyeka Okongwu,C,1.4241,3.7977
LAC,LAL,Ivica Zubac,C,1.9495,D'Angelo Russell,PG,1.8474,3.7969
IND,SAC,Myles Turner,C,1.66,De'Aaron Fox,PG,2.1311,3.7911
NOP,NYK,Jonas Valančiūnas,C,1.9217,Jalen Brunson,PG,1.8652,3.7868
LAC,NOP,Ivica Zubac,C,1.8263,CJ McCollum,PG,1.9499,3.7762
DAL,PHI,Tim Hardaway Jr.,SF,1.8994,Kelly Oubre Jr.,SF,1.8515,3.7509
MIN,NYK,Karl-Anthony Towns,PF,2.0782,Immanuel Quickley,SG,1.6641,3.7422
OKC,NYK,Josh Giddey,SG,1.9112,Julius Randle,PF,1.8307,3.7419
NOP,CHI,Brandon Ingram,SF,2.0589,DeMar DeRozan,SF,1.6748,3.7337
DAL,IND,Tim Hardaway Jr.,SF,1.5558,Buddy Hield,SF,2.1624,3.7182
NOP,CLE,Jonas Valančiūnas,C,1.9168,Darius Garland,PG,1.7945,3.7113
IND,PHI,Buddy Hield,SF,2.108,Kelly Oubre Jr.,SF,1.5797,3.6877
BOS,NYK,Kristaps Porziņģis,C,2.0462,Jalen Brunson,PG,1.6412,3.6874
LAC,GSW,Ivica Zubac,C,2.0577,Chris Paul,PG,1.6251,3.6828
LAL,PHI,Anthony Davis,C,1.9082,Tyrese Maxey,PG,1.7701,3.6783
BOS,BRK,Jrue Holiday,PG,2.229,Nic Claxton,C,1.4489,3.6779
NOP,LAL,Jonas Valančiūnas,C,1.7998,D'Angelo Russell,PG,1.8635,3.6633
DAL,NOP,Tim Hardaway Jr.,SF,1.6027,Brandon Ingram,SF,2.0457,3.6484
BOS,SAC,Jrue Holiday,PG,2.0653,Domantas Sabonis,C,1.5771,3.6423
MIN,BRK,Mike Conley,PG,2.1929,Nic Claxton,C,1.4479,3.6408
NOP,ORL,Brandon Ingram,SF,2.0526,Franz Wagner,SF,1.5843,3.6369
DEN,SAS,Michael Porter Jr.,SF,2.0652,Keldon Johnson,SF,1.5706,3.6357
LAL,CLE,D'Angelo Russell,PG,2.1811,Jarrett Allen,C,1.4466,3.6277
NOP,IND,Brandon Ingram,SF,1.8365,Buddy Hield,SF,1.7889,3.6254
MIN,SAC,Rudy Gobert,C,1.6986,De'Aaron Fox,PG,1.9234,3.622
CHI,PHI,DeMar DeRozan,SF,1.7365,Kelly Oubre Jr.,SF,1.8786,3.6151
MIN,NYK,Karl-Anthony Towns,PF,2.0782,RJ Barrett,SG,1.524,3.6022
PHI,ORL,Kelly Oubre Jr.,SF,1.8732,Franz Wagner,SF,1.7256,3.5988
MIN,SAC,Mike Conley,PG,1.9899,Domantas Sabonis,C,1.6046,3.5944
BOS,CLE,Kristaps Porziņģis,C,2.0467,Darius Garland,PG,1.5427,3.5894
BOS,HOU,Jrue Holiday,PG,2.176,Alperen Şengün,C,1.4029,3.5789
PHO,OKC,Kevin Durant,PF,1.9456,Josh Giddey,SG,1.6051,3.5507
LAC,NOP,Russell Westbrook,PG,1.8458,Jonas Valančiūnas,C,1.6996,3.5453
MIL,IND,Khris Middleton,SF,1.5547,Buddy Hield,SF,1.9867,3.5414
LAC,OKC,Paul George,PF,1.8725,Josh Giddey,SG,1.6636,3.5361
LAC,PHI,Ivica Zubac,C,1.8039,Tyrese Maxey,PG,1.6951,3.499
LAC,CLE,Russell Westbrook,PG,2.1305,Jarrett Allen,C,1.3631,3.4936
NYK,IND,Jalen Brunson,PG,1.8825,Myles Turner,C,1.5968,3.4793
BOS,ATL,Jrue Holiday,PG,2.2036,Onyeka Okongwu,C,1.2671,3.4706
BOS,LAL,Jrue Holiday,PG,1.8028,Anthony Davis,C,1.6615,3.4643
BOS,LAL,Kristaps Porziņģis,C,1.8637,D'Angelo Russell,PG,1.579,3.4427
NOP,PHI,Brandon Ingram,SF,1.9152,Kelly Oubre Jr.,SF,1.5149,3.4301
BOS,NOP,Kristaps Porziņģis,C,1.7597,CJ McCollum,PG,1.6619,3.4216
MIN,ATL,Mike Conley,PG,2.1308,Onyeka Okongwu,C,1.277,3.4079
IND,CLE,Myles Turner,C,1.5969,Darius Garland,PG,1.8049,3.4018
BOS,SAS,Sam Hauser,SF,2.0684,Keldon Johnson,SF,1.3317,3.4002
NOP,PHI,Jonas Valančiūnas,C,1.6942,Tyrese Maxey,PG,1.7058,3.4001
BOS,PHI,Kristaps Porziņģis,C,1.9181,Tyrese Maxey,PG,1.4718,3.3899
BOS,CHI,Sam Hauser,SF,1.8669,DeMar DeRozan,SF,1.5115,3.3783
DAL,DEN,Tim Hardaway Jr.,SF,1.5824,Michael Porter Jr.,SF,1.7886,3.371
LAC,BOS,Ivica Zubac,C,1.6582,Jrue Holiday,PG,1.7068,3.3649
MIN,NYK,Rudy Gobert,C,1.5754,Jalen Brunson,PG,1.7881,3.3634
LAC,BOS,Russell Westbrook,PG,1.5923,Kristaps Porziņģis,C,1.7696,3.3618
BOS,GSW,Kristaps Porziņģis,C,1.9894,Chris Paul,PG,1.3497,3.3391
BOS,GSW,Sam Hauser,SF,1.6964,Klay Thompson,SF,1.6138,3.3103
NOP,IND,CJ McCollum,PG,1.9446,Myles Turner,C,1.3501,3.2947
MIN,LAL,Rudy Gobert,C,1.4887,D'Angelo Russell,PG,1.7928,3.2815
MIN,CLE,Rudy Gobert,C,1.5676,Darius Garland,PG,1.7127,3.2803
MIL,PHI,Brook Lopez,C,1.415,Tyrese Maxey,PG,1.8414,3.2563
BOS,ORL,Sam Hauser,SF,1.8811,Franz Wagner,SF,1.3609,3.2421
NOP,MIN,CJ McCollum,PG,1.8838,Rudy Gobert,C,1.3337,3.2175
BOS,CLE,Jrue Holiday,PG,1.9985,Jarrett Allen,C,1.1467,3.1452
BOS,NOP,Jrue Holiday,PG,1.7,Jonas Valančiūnas,C,1.4334,3.1334
BOS,NOP,Sam Hauser,SF,1.5584,Brandon Ingram,SF,1.5694,3.1278
NOP,MIN,Jonas Valančiūnas,C,1.4765,Mike Conley,PG,1.6217,3.0981
LAC,MIN,Russell Westbrook,PG,1.6754,Rudy Gobert,C,1.3873,3.0627
NOP,OKC,Zion Williamson,PF,1.3755,Josh Giddey,SG,1.6423,3.0178
BOS,IND,Jrue Holiday,PG,1.7741,Myles Turner,C,1.1299,2.904
