player_name,reason
Dominick Barlow,Time/Game Filter
Ty Jerome,Time/Game Filter
Justin Minaya,Time/Game Filter
Marques Bolden,Time/Game Filter
Mark Williams,Time/Game Filter
Vit Krejci,Time/Game Filter
James Bouknight,Time/Game Filter
David Duke Jr.,Time/Game Filter
Leonard Miller,Time/Game Filter
Jahmi'us Ramsey,Time/Game Filter
Jamaree Bouyea,Time/Game Filter
Lindy Waters III,Time/Game Filter
Charles Bassey,Time/Game Filter
Maxwell Lewis,Time/Game Filter
Greg Brown III,Time/Game Filter
Henri Drell,Time/Game Filter
Kobi Simmons,Time/Game Filter
Harry Giles,Time/Game Filter
Seth Lundy,Time/Game Filter
Danny Green,Time/Game Filter
Jared Butler,Time/Game Filter
Jerome Robinson,Time/Game Filter
Nathan Mensah,Time/Game Filter
Kobe Bufkin,Time/Game Filter
Keon Johnson,Time/Game Filter
Armoni Brooks,Time/Game Filter
Emoni Bates,Time/Game Filter
Dylan Windler,Time/Game Filter
Bruno Fernando,Time/Game Filter
T.J. Warren,Time/Game Filter
Jack White,Time/Game Filter
Onuralp Bitim,Time/Game Filter
Filip Petrušev,Time/Game Filter
E.J. Liddell,Time/Game Filter
Trey Jemison,Time/Game Filter
Ousmane Dieng,Time/Game Filter
Mãozinha Pereira,Time/Game Filter
Jontay Porter,Time/Game Filter
Usman Garuba,Time/Game Filter
Malcolm Cazalon,Time/Game Filter
Jules Bernard,Time/Game Filter
Matthew Hurt,Time/Game Filter
Nate Hinton,Time/Game Filter
Wendell Moore Jr.,Time/Game Filter
Jordan Walsh,Time/Game Filter
Mason Jones,Time/Game Filter
Charlie Brown Jr.,Time/Game Filter
Javon Freeman-Liberty,Time/Game Filter
Dmytro Skapintsev,Time/Game Filter
Jermaine Samuels,Time/Game Filter
Neemias Queta,Time/Game Filter
Jalen Pickett,Time/Game Filter
Wenyen Gabriel,Time/Game Filter
Ashton Hagans,Time/Game Filter
Hunter Tyson,Time/Game Filter
A.J. Green,Time/Game Filter
Isaiah Thomas,Time/Game Filter
Jay Huff,Time/Game Filter
Jarace Walker,Time/Game Filter
Alondes Williams,Time/Game Filter
Julian Phillips,Time/Game Filter
Jacob Toppin,Time/Game Filter
Isaiah Mobley,Time/Game Filter
A.J. Lawson,Time/Game Filter
Zavier Simpson,Time/Game Filter
Chris Livingston,Time/Game Filter
Otto Porter Jr.,Time/Game Filter
TyTy Washington Jr.,Time/Game Filter
Boban Marjanović,Time/Game Filter
Buddy Boeheim,Time/Game Filter
Ibou Badji,Time/Game Filter
Dru Smith,Time/Game Filter
Quenton Jackson,Time/Game Filter
Mouhamed Gueye,Time/Game Filter
Dariq Whitehead,Time/Game Filter
Saben Lee,Time/Game Filter
Dereon Seabron,Time/Game Filter
Amari Bailey,Time/Game Filter
Luka Garza,Time/Game Filter
Moussa Diabaté,Time/Game Filter
Javonte Smart,Time/Game Filter
Dalen Terry,Time/Game Filter
Trevelin Queen,Time/Game Filter
Markquis Nowell,Time/Game Filter
Udoka Azubuike,Time/Game Filter
Justin Jackson,Time/Game Filter
Jared Rhoden,Time/Game Filter
Anthony Gill,Time/Game Filter
Johnny Juzang,Time/Game Filter
Kira Lewis Jr.,Time/Game Filter
Jordan Miller,Time/Game Filter
Terry Taylor,Time/Game Filter
Ryan Rollins,Time/Game Filter
Drew Peterson,Time/Game Filter
Taze Moore,Time/Game Filter
Timmy Allen,Time/Game Filter
Gui Santos,Time/Game Filter
Malik Williams,Time/Game Filter
Adama Sanogo,Time/Game Filter
Luka Šamanić,Time/Game Filter
JD Davison,Time/Game Filter
Keyontae Johnson,Time/Game Filter
Kessler Edwards,Time/Game Filter
RaiQuan Gray,Time/Game Filter
Josh Minott,Time/Game Filter
Oscar Tshiebwe,Time/Game Filter
Kenneth Lofton Jr.,Time/Game Filter
Ron Harper Jr.,Time/Game Filter
Frank Ntilikina,Time/Game Filter
Xavier Moon,Time/Game Filter
Justin Champagnie,Time/Game Filter
Mamadi Diakite,Time/Game Filter
Daishen Nix,Time/Game Filter
Alex Fudge,Time/Game Filter
Markieff Morris,Time/Game Filter
Omer Yurtseven,Time/Game Filter
Patrick Baldwin Jr.,Time/Game Filter
Skylar Mays,Time/Game Filter
Eugene Omoruyi,Time/Game Filter
Adam Flagler,Time/Game Filter
Jamal Cain,Time/Game Filter
Trent Forrest,Time/Game Filter
Jalen Crutcher,Time/Game Filter
Mouhamadou Gueye,Time/Game Filter
Brandon Boston Jr.,Time/Game Filter
Noah Clowney,Time/Game Filter
Stanley Umude,Time/Game Filter
Tosan Evbuomwan,Time/Game Filter
Jalen Hood-Schifino,Time/Game Filter
James Johnson,Time/Game Filter
Jeenathan Williams,Time/Game Filter
Andrew Funk,Time/Game Filter
DaQuan Jeffries,Time/Game Filter
Sam Merrill,Time/Game Filter
Collin Gillespie,Time/Game Filter
Joshua Primo,Time/Game Filter
Olivier Sarr,Time/Game Filter
Ryan Arcidiacono,Time/Game Filter
Cody Zeller,Time/Game Filter
Admiral Schofield,Time/Game Filter
Jett Howard,Time/Game Filter
Moses Brown,Time/Game Filter
Jaden Springer,Time/Game Filter
DeJon Jarreau,Time/Game Filter
D.J. Wilson,Time/Game Filter
Shaquille Harrison,Time/Game Filter
Scotty Pippen Jr.,Time/Game Filter
Jacob Gilyard,Time/Game Filter
Brandon Williams,Time/Game Filter
Cole Swider,Time/Game Filter
Jalen Slawson,Time/Game Filter
Kevon Harris,Time/Game Filter
Colby Jones,Time/Game Filter
Matt Ryan,Time/Game Filter
Isaiah Wong,Time/Game Filter
Jordan Ford,Time/Game Filter
Kendall Brown,Time/Game Filter
Ricky Council IV,Time/Game Filter
Colin Castleton,Time/Game Filter
Olivier-Maxence Prosper,Time/Game Filter
Tristan Vukcevic,Time/Game Filter
Kaiser Gates,Time/Game Filter
Pat Spencer,Time/Game Filter
Dexter Dennis,Time/Game Filter
Orlando Robinson,Time/Game Filter
Lester Quiñones,Time/Game Filter
Micah Potter,Time/Game Filter
Jeff Dowtin Jr.,Time/Game Filter
Braxton Key,Time/Game Filter
Lindell Wigginton,Time/Game Filter
Izaiah Brockington,Time/Game Filter
D.J. Carton,Time/Game Filter
D'Moi Hodge,Time/Game Filter
Robin Lopez,Time/Game Filter
Terquavion Smith,Time/Game Filter
Ish Wainright,Time/Game Filter
Pete Nance,Time/Game Filter
Kobe Brown,Time/Game Filter
Leaky Black,Time/Game Filter
Thanasis Antetokounmpo,Time/Game Filter
Sidy Cissoko,Time/Game Filter
Jason Preston,Time/Game Filter
Devin Booker,Untouchable
Donovan Mitchell,Untouchable
Jayson Tatum,Untouchable
James Harden,Untouchable
Stephen Curry,Untouchable
Fred VanVleet,Untouchable
Kawhi Leonard,Untouchable
Kyrie Irving,Untouchable
Nikola Vučević,Untouchable
Trae Young,Untouchable
Shai Gilgeous-Alexander,Untouchable
Anthony Edwards,Untouchable
LaMelo Ball,Untouchable
Tyler Herro,Untouchable
Ja Morant,Untouchable
Giannis Antetokounmpo,Untouchable
Joel Embiid,Untouchable
LeBron James,Untouchable
Tyrese Haliburton,Untouchable
Jaylen Brown,Untouchable
Nikola Jokić,Untouchable
Chet Holmgren,Untouchable
Victor Wembanyama,Untouchable
Jaren Jackson Jr.,Untouchable
Jamal Murray,Untouchable
Bam Adebayo,Untouchable
