Team,top10_avg_fit
POR,3.271303105367913
DET,3.0811631515031164
CHO,3.067021926473375
MEM,3.0121655478002247
WAS,2.9837545198306423
TOR,2.8705376061017636
SAS,2.8522744385030405
BRK,2.7672862138745136
UTA,2.7456511495543903
HOU,2.7217393391673133
ATL,2.7001496484846874
MIA,2.6651720784771937
ORL,2.581816294471745
CHI,2.5760523515968434
SAC,2.5359338862399876
CLE,2.4850438015418774
NYK,2.4586327824325096
DAL,2.4086730101845903
GSW,2.398002450650245
PHI,2.3834748235939545
MIL,2.3219606931752144
LAL,2.2501820728513087
IND,2.247220695815801
NOP,2.1339872595899485
DEN,2.1333902991307765
LAC,2.1156120026381706
PHO,2.0622192834751916
MIN,2.0292783937763557
OKC,1.8787427630608948
BOS,1.8488656005339545
