team,candidates_total,top10_avg_fit,self_recs_in_topk,topk_source_teams,topk_positions
ATL,50,1.059624721441391,0,"LAL:1, UNK:1, PHI:1, BOS:1, POR:1",-
BOS,50,0.84948673173343,0,"LAL:1, POR:1, PHI:1, UNK:1, HOU:1",-
BRK,50,1.0364880109059524,0,"LAL:1, BOS:1, POR:1, PHI:1, MIN:1",-
CHI,50,0.8712788203366412,0,"DAL:2, LAL:1, BOS:1, POR:1, PHI:1",-
CHO,50,1.401665734189149,0,"LAL:1, UNK:1, BOS:1, PHI:1, POR:1",-
CLE,50,0.8147825557616087,0,"LAL:1, BOS:1, POR:1, PHI:1, HOU:1",-
DAL,50,0.8816895266773477,0,"UNK:1, BOS:1, PHI:1, POR:1, HOU:1",-
DEN,50,0.7659203613183132,0,"LAL:1, BOS:1, POR:1, PHI:1, HOU:1",-
DET,50,1.413249308256453,0,"LAL:1, BOS:1, PHI:1, UNK:1, POR:1",-
GSW,50,0.9392015525870205,0,"LAL:1, UNK:1, BOS:1, PHI:1, POR:1",-
HOU,50,1.0433014317376796,1,"LAL:1, BOS:1, POR:1, PHI:1, DAL:1",-
IND,50,0.9567908893354604,0,"LAL:1, UNK:1, PHI:1, BOS:1, POR:1",-
LAC,50,0.7343475750735772,0,"LAL:1, BOS:1, POR:1, HOU:1, SAS:1",-
LAL,50,0.799668866265763,1,"LAL:1, BOS:1, POR:1, PHI:1, HOU:1",-
MEM,50,1.5309114674397224,0,"LAL:1, BOS:1, POR:1, DAL:1, PHI:1",-
MIA,50,1.0737076220957003,0,"LAL:1, UNK:1, PHI:1, BOS:1, POR:1",-
MIL,50,0.9072207869304251,0,"LAL:1, UNK:1, BOS:1, PHI:1, HOU:1",-
MIN,50,0.7422610240585843,1,"LAL:1, BOS:1, POR:1, HOU:1, PHI:1",-
NOP,50,0.8028678439615116,0,"LAL:1, BOS:1, POR:1, PHI:1, HOU:1",-
NYK,50,0.9128983071240515,1,"LAL:1, BOS:1, POR:1, PHI:1, UNK:1",-
OKC,50,0.7569970807992877,0,"LAL:1, BOS:1, POR:1, PHI:1, HOU:1",-
ORL,50,0.9510266453353747,0,"DAL:2, LAL:1, BOS:1, POR:1, PHI:1",-
PHI,50,0.8813630655519379,1,"MIN:2, LAL:1, BOS:1, POR:1, PHI:1",-
PHO,50,0.7411420305933774,0,"LAL:1, BOS:1, POR:1, PHI:1, SAS:1",-
POR,50,1.6687105225187409,1,"LAL:1, BOS:1, PHI:1, POR:1, UTA:1",-
SAC,50,0.8820850861524651,0,"LAL:1, BOS:1, UNK:1, POR:1, PHI:1",-
SAS,50,1.2242672528354497,0,"DAL:2, LAL:1, BOS:1, POR:1, PHI:1",-
TOR,50,1.1702373938446,0,"LAL:1, BOS:1, PHI:1, POR:1, UNK:1",-
UTA,50,1.0772540653255593,1,"MIN:2, LAL:1, BOS:1, UNK:1, PHI:1",-
WAS,50,1.2721278262172486,1,"LAL:1, BOS:1, PHI:1, POR:1, UTA:1",-
