season,team,MP,FG,FGA,FG%,3P,3PA,3P%,2P,2PA,2P%,FT,FTA,FT%,ORB,DRB,TRB,AST,STL,BLK,TOV,PF,PTS,MP_z,FG_z,FGA_z,FG%_z,3P_z,3PA_z,3P%_z,2P_z,2PA_z,2P%_z,FT_z,FTA_z,FT%_z,ORB_z,DRB_z,TRB_z,AST_z,STL_z,BLK_z,TOV_z,PF_z,PTS_z
2025,Atlanta Hawks,19855.0,42.6,91.6,0.465,13.6,37.3,0.364,29.0,54.3,0.535,18.4,23.0,0.797,12.4,31.9,44.2,26.3,7.4,4.5,13.4,18.4,117.2,1.0134,0.0291,1.0877,-0.5593,0.54,0.6654,-0.1208,-0.3962,-0.0054,-0.4884,0.8657,0.6933,0.5593,1.4352,-1.0782,0.1445,-0.3747,-0.2538,-0.8921,-0.3293,-0.4107,0.5027
2025,Boston Celtics,19830.0,44.9,92.1,0.487,16.8,43.4,0.388,28.0,48.8,0.575,16.6,20.6,0.807,10.9,36.4,47.3,27.5,6.9,6.7,12.2,16.5,123.2,0.6134,1.5721,1.3812,0.7638,3.1982,2.8437,1.6187,-1.0529,-2.253,1.4021,-0.4329,-0.8764,0.9884,0.186,2.3711,1.9599,0.3584,-1.1192,1.98,-1.5032,-1.9307,2.0763
2025,Brooklyn Nets,19805.0,41.7,91.4,0.456,13.6,37.6,0.362,28.1,53.7,0.522,16.2,21.4,0.756,11.7,33.4,45.2,26.3,7.0,5.3,13.5,19.0,113.2,0.2134,-0.5747,0.9703,-1.1006,0.54,0.7725,-0.2658,-0.9872,-0.2506,-1.1028,-0.7214,-0.3532,-1.2001,0.8522,0.0715,0.7301,-0.3747,-0.9462,0.1523,-0.2315,0.0693,-0.5464
2025,Charlotte Hornets,19730.0,41.0,89.2,0.46,12.4,34.9,0.355,28.7,54.3,0.528,14.9,18.9,0.786,9.6,31.7,41.3,25.4,7.0,4.6,14.1,18.4,109.3,-0.9868,-1.0443,-0.3208,-0.86,-0.4569,-0.1916,-0.7731,-0.5932,-0.0054,-0.8192,-1.6593,-1.9883,0.0873,-0.8967,-1.2315,-1.5539,-0.9246,-0.9462,-0.7616,0.3554,-0.4107,-1.5693
2025,Chicago Bulls,19980.0,43.0,91.6,0.47,11.7,32.8,0.358,31.3,58.7,0.532,17.1,21.6,0.791,11.4,33.4,44.8,25.6,8.0,4.9,12.5,19.2,114.9,3.0136,0.2974,1.0877,-0.2586,-1.0384,-0.9416,-0.5557,1.1142,1.7926,-0.6302,-0.0721,-0.2224,0.3018,0.6024,0.0715,0.4958,-0.8024,0.7846,-0.3699,-1.2098,0.2293,-0.1005
2025,Cleveland Cavaliers,19805.0,42.7,89.2,0.479,13.8,37.6,0.367,28.9,51.5,0.561,15.9,20.8,0.765,10.1,34.2,44.3,28.7,7.5,4.7,13.9,17.9,115.2,0.2134,0.0962,-0.3208,0.2827,0.7061,0.7725,0.0966,-0.4619,-1.1496,0.7404,-0.9379,-0.7456,-0.8139,-0.4803,0.6848,0.203,1.0916,-0.0808,-0.631,0.1598,-0.8107,-0.0219
2025,Dallas Mavericks,19705.0,43.0,89.5,0.481,14.6,39.5,0.369,28.5,50.0,0.569,17.0,22.4,0.758,9.7,33.2,42.9,25.6,6.9,4.9,12.5,18.3,117.6,-1.3868,0.2974,-0.1448,0.4029,1.3706,1.451,0.2416,-0.7245,-1.7626,1.1185,-0.1443,0.3009,-1.1142,-0.8134,-0.0818,-0.6169,-0.8024,-1.1192,-0.3699,-1.2098,-0.4907,0.6076
2025,Denver Nuggets,19705.0,45.4,91.5,0.496,12.0,32.2,0.374,33.4,59.4,0.562,15.6,20.5,0.762,11.1,34.8,45.8,30.4,7.4,5.7,13.0,18.7,118.5,-1.3868,1.9076,1.029,1.3051,-0.7892,-1.1558,0.604,2.4932,2.0786,0.7877,-1.1543,-0.9418,-0.9426,0.3526,1.1447,1.0815,2.1302,-0.2538,0.6745,-0.7206,-0.1707,0.8437
2025,Detroit Pistons,19755.0,40.8,88.1,0.463,11.0,31.7,0.348,29.8,56.4,0.528,17.0,21.7,0.785,10.5,32.8,43.3,25.4,6.5,4.7,15.2,20.6,109.7,-0.5867,-1.1785,-0.9664,-0.6796,-1.6199,-1.3344,-1.2805,0.1291,0.8527,-0.8192,-0.1443,-0.157,0.0443,-0.1471,-0.3884,-0.3826,-0.9246,-1.8116,-0.631,1.4315,1.3493,-1.4644
2025,Golden State Warriors,19830.0,43.7,91.7,0.477,14.8,38.9,0.38,28.9,52.8,0.548,15.6,20.1,0.78,12.2,34.6,46.7,29.3,7.0,4.6,14.3,19.5,117.8,0.6134,0.767,1.1464,0.1624,1.5368,1.2368,1.0389,-0.4619,-0.6184,0.126,-1.1543,-1.2034,-0.1702,1.2687,0.9914,1.6085,1.4581,-0.9462,-0.7616,0.5511,0.4693,0.6601
2025,Houston Rockets,19855.0,41.8,91.1,0.459,12.7,36.2,0.352,29.1,54.9,0.53,18.1,23.4,0.773,11.5,34.0,45.5,24.9,7.8,4.6,12.8,20.8,114.5,1.0134,-0.5076,0.7943,-0.9202,-0.2077,0.2726,-0.9906,-0.3305,0.2397,-0.7247,0.6493,0.9549,-0.4706,0.6857,0.5315,0.9058,-1.23,0.4385,-0.7616,-0.9163,1.5093,-0.2054
2025,Indiana Pacers,19705.0,46.1,91.0,0.507,13.0,34.6,0.374,33.2,56.4,0.589,15.8,20.2,0.782,9.9,30.9,40.8,30.2,7.6,5.8,12.7,21.0,121.0,-1.3868,2.3772,0.7356,1.9666,0.0415,-0.2988,0.604,2.3618,0.8527,2.0638,-1.01,-1.138,-0.0844,-0.6468,-1.8448,-1.8467,2.008,0.0923,0.8051,-1.0141,1.6693,1.4993
2025,Los Angeles Clippers,19705.0,43.5,89.0,0.489,13.0,34.1,0.381,30.5,55.0,0.555,18.8,22.8,0.825,10.3,33.8,44.1,26.3,8.0,5.2,13.5,19.0,118.8,-1.3868,0.6329,-0.4382,0.8841,0.0415,-0.4773,1.1114,0.5888,0.2806,0.4569,1.1543,0.5625,1.7607,-0.3137,0.3782,0.0859,-0.3747,0.7846,0.0218,-0.2315,0.0693,0.9223
2025,Los Angeles Lakers,19855.0,42.9,86.0,0.499,11.6,30.8,0.377,31.3,55.2,0.567,18.6,23.8,0.782,8.1,34.2,42.3,28.0,7.2,5.4,13.7,15.4,115.9,1.0134,0.2303,-2.1989,1.4855,-1.1214,-1.6558,0.8214,1.1142,0.3623,1.024,1.01,1.2165,-0.0844,-2.1459,0.6848,-0.9682,0.6639,-0.6,0.2829,-0.0359,-2.8107,0.1617
2025,Memphis Grizzlies,19780.0,38.9,89.3,0.435,13.2,38.3,0.346,25.6,51.1,0.502,16.3,21.3,0.764,11.1,32.1,43.2,25.0,8.3,6.2,15.3,19.3,107.2,-0.1867,-2.4532,-0.2621,-2.3635,0.2077,1.0225,-1.4254,-2.6289,-1.3131,-2.048,-0.6493,-0.4186,-0.8568,0.3526,-0.9249,-0.4412,-1.1689,1.3039,1.3273,1.5293,0.3093,-2.1201
2025,Miami Heat,19755.0,41.2,88.7,0.465,12.9,34.9,0.37,28.3,53.8,0.527,18.7,22.8,0.818,9.7,34.1,43.8,26.7,7.8,3.5,13.1,17.9,114.0,-0.5867,-0.9102,-0.6143,-0.5593,-0.0415,-0.1916,0.3141,-0.8559,-0.2098,-0.8665,1.0822,0.5625,1.4604,-0.8134,0.6081,-0.0898,-0.1303,0.4385,-2.1976,-0.6228,-0.8107,-0.3366
2025,Milwaukee Bucks,19805.0,42.9,88.1,0.487,14.1,37.9,0.373,28.8,50.2,0.574,18.4,23.8,0.774,9.4,34.6,43.9,26.4,6.8,5.0,12.8,19.1,118.4,0.2134,0.2303,-0.9664,0.7638,0.9553,0.8797,0.5315,-0.5275,-1.6809,1.3548,0.8657,1.2165,-0.4277,-1.0632,0.9914,-0.0312,-0.3136,-1.2923,-0.2393,-0.9163,0.1493,0.8174
2025,Minnesota Timberwolves,19805.0,42.2,87.0,0.485,12.9,33.5,0.387,29.3,53.6,0.546,18.2,23.5,0.777,9.6,35.0,44.6,27.3,8.1,6.2,14.5,19.3,115.6,0.2134,-0.2393,-1.612,0.6435,-0.0415,-0.6916,1.5462,-0.1992,-0.2915,0.0315,0.7214,1.0203,-0.2989,-0.8967,1.298,0.3787,0.2362,0.9577,1.3273,0.7467,0.3093,0.0831
2025,New Orleans Pelicans,19705.0,43.3,89.1,0.486,12.7,33.3,0.383,30.6,55.9,0.548,18.0,23.3,0.771,10.6,34.2,44.8,27.5,8.5,4.7,13.3,18.8,117.4,-1.3868,0.4987,-0.3795,0.7036,-0.2077,-0.763,1.2563,0.6545,0.6484,0.126,0.5771,0.8895,-0.5564,-0.0638,0.6848,0.4958,0.3584,1.65,-0.631,-0.4272,-0.0907,0.5551
2025,New York Knicks,19730.0,43.3,92.9,0.465,13.8,37.5,0.369,29.4,55.4,0.531,17.8,22.9,0.78,13.3,34.1,47.3,25.5,7.8,4.3,13.9,18.5,118.2,-0.9868,0.4987,1.8507,-0.5593,0.7061,0.7368,0.2416,-0.1335,0.4441,-0.6774,0.4329,0.6279,-0.1702,2.1848,0.6081,1.9599,-0.8635,0.4385,-1.1532,0.1598,-0.3307,0.765
2025,Oklahoma City Thunder,19805.0,44.3,88.9,0.499,13.2,34.0,0.389,31.1,54.9,0.567,17.6,21.4,0.825,8.8,33.1,41.8,27.0,8.4,6.5,12.6,18.8,119.5,0.2134,1.1696,-0.4969,1.4855,0.2077,-0.513,1.6912,0.9828,0.2397,1.024,0.2886,-0.3532,1.7607,-1.5629,-0.1584,-1.261,0.0529,1.4769,1.7189,-1.1119,-0.0907,1.1059
2025,Orlando Magic,19780.0,41.5,87.2,0.476,11.3,32.1,0.352,30.2,55.0,0.549,19.0,25.1,0.759,10.8,32.6,43.4,25.3,8.4,5.3,15.1,20.3,113.4,-0.1867,-0.7089,-1.4946,0.1022,-1.3706,-1.1915,-0.9906,0.3918,0.2806,0.1733,1.2986,2.0668,-1.0713,0.1027,-0.5417,-0.324,-0.9857,1.4769,0.1523,1.3337,1.1093,-0.494
2025,Philadelphia 76ers,19780.0,42.3,91.2,0.464,12.3,34.0,0.363,30.0,57.2,0.525,19.9,24.1,0.826,11.3,32.5,43.8,25.4,8.6,6.1,12.2,20.7,116.9,-0.1867,-0.1722,0.853,-0.6195,-0.54,-0.513,-0.1933,0.2605,1.1796,-0.961,1.9479,1.4127,1.8037,0.5191,-0.6183,-0.0898,-0.9246,1.8231,1.1967,-1.5032,1.4293,0.424
2025,Phoenix Suns,19780.0,43.0,87.2,0.493,12.6,33.0,0.382,30.4,54.2,0.561,19.1,23.6,0.808,10.3,34.3,44.6,27.4,7.5,6.1,15.1,18.2,117.6,-0.1867,0.2974,-1.4946,1.1246,-0.2907,-0.8701,1.1838,0.5232,-0.0463,0.7404,1.3707,1.0857,1.0313,-0.3137,0.7614,0.3787,0.2973,-0.0808,1.1967,1.3337,-0.5707,0.6076
2025,Portland Trail Blazers,19880.0,40.1,91.3,0.439,11.7,33.8,0.345,28.4,57.5,0.494,16.5,20.9,0.791,12.9,30.7,43.5,23.5,7.8,4.4,15.5,20.5,108.3,1.4135,-1.6481,0.9117,-2.123,-1.0384,-0.5845,-1.4979,-0.7902,1.3022,-2.4261,-0.505,-0.6802,0.3018,1.8516,-1.9981,-0.2655,-2.0854,0.4385,-1.0227,1.725,1.2693,-1.8316
2025,Sacramento Kings,19855.0,43.5,91.2,0.477,14.4,39.4,0.366,29.0,51.8,0.561,15.6,20.9,0.745,10.9,33.3,44.1,28.4,7.6,4.2,13.2,20.0,116.9,1.0134,0.6329,0.853,0.1624,1.2045,1.4153,0.0242,-0.3962,-1.027,0.7404,-1.1543,-0.6802,-1.6721,0.186,-0.0051,0.0859,0.9083,0.0923,-1.2838,-0.525,0.8693,0.424
2025,San Antonio Spurs,19830.0,41.2,89.0,0.462,12.4,35.7,0.347,28.8,53.3,0.539,15.3,19.6,0.782,10.2,33.3,43.4,29.3,7.0,6.2,14.9,16.9,110.0,0.6134,-0.9102,-0.4382,-0.7397,-0.4569,0.094,-1.353,-0.5275,-0.4141,-0.2993,-1.3707,-1.5304,-0.0844,-0.397,-0.0051,-0.324,1.4581,-0.9462,1.3273,1.138,-1.6107,-1.3857
2025,Toronto Raptors,19805.0,42.3,89.7,0.471,11.5,33.1,0.347,30.8,56.6,0.543,16.3,21.6,0.756,10.9,31.8,42.6,28.5,7.7,4.7,14.0,18.4,112.3,0.2134,-0.1722,-0.0274,-0.1985,-1.2045,-0.8344,-1.353,0.7858,0.9344,-0.1103,-0.6493,-0.2224,-1.2001,0.186,-1.1549,-0.7925,0.9694,0.2654,-0.631,0.2576,-0.4107,-0.7825
2025,Utah Jazz,19805.0,41.9,89.8,0.467,12.9,36.5,0.354,29.0,53.3,0.544,18.7,22.6,0.83,12.2,33.2,45.4,27.2,6.5,5.6,15.7,18.6,115.5,0.2134,-0.4405,0.0313,-0.439,-0.0415,0.3797,-0.8456,-0.3962,-0.4141,-0.063,1.0822,0.4317,1.9753,1.2687,-0.0818,0.8472,0.1751,-1.8116,0.544,1.9206,-0.2507,0.0568
2025,Washington Wizards,19730.0,41.7,88.8,0.47,12.0,34.5,0.348,29.7,54.2,0.548,15.0,19.6,0.764,8.9,31.0,39.9,27.1,7.4,4.9,13.6,19.4,110.5,-0.9868,-0.5747,-0.5556,-0.2586,-0.7892,-0.3345,-1.2805,0.0635,-0.0463,0.126,-1.5872,-1.5304,-0.8568,-1.4796,-1.7681,-2.3737,0.114,-0.2538,-0.3699,-0.1337,0.3893,-1.2545
