team,team_abbr,Need_scoring,Need_defense
Atlanta Hawks,ATL,0.5577383822990414,0.9122763442343957
Boston Celtics,BOS,0.2,0.24306456311423882
Brooklyn Nets,BRK,0.6916452863674067,0.7280836514726401
Charlotte Hornets,CHO,0.7911533787302998,1.0
Chicago Bulls,CHI,0.6146376280406645,0.5798414669671741
Cleveland Cavaliers,CLE,0.5164721541696407,0.6427885868481977
Dallas Mavericks,DAL,0.44743532861359214,0.8321573677997025
Denver Nuggets,DEN,0.3316383417890006,0.4474709841620288
Detroit Pistons,DET,0.8082910549972031,0.9867163423945542
Golden State Warriors,GSW,0.40042053280348777,0.727347714763197
Houston Rockets,HOU,0.7073400335654625,0.6139153366143845
Indiana Pacers,IND,0.23000829491309638,0.7556812780767521
Los Angeles Clippers,LAC,0.31890661471093196,0.4941784339880104
Los Angeles Lakers,LAL,0.3535677771561952,0.5943762169786732
Memphis Grizzlies,MEM,1.0,0.4301887371019426
Miami Heat,MIA,0.5889426879376531,0.7806540637505175
Milwaukee Bucks,MIL,0.3810297266536778,0.7057357067292214
Minnesota Timberwolves,MIN,0.3686760932888366,0.2
New Orleans Pelicans,NOP,0.3499874611778777,0.43049537739754384
New York Knicks,NYK,0.5095352919616505,0.6525520138601415
Oklahoma City Thunder,OKC,0.21359594127973147,0.26692117811201577
Orlando Magic,ORL,0.6507185709600881,0.5060883430691627
Philadelphia 76ers,PHI,0.5740504253554275,0.34491820370114834
Phoenix Suns,PHO,0.3190455062790563,0.40921454088281745
Portland Trail Blazers,POR,0.9647755550840103,0.9562117657881422
Sacramento Kings,SAC,0.49693474025347717,0.7862471827422841
San Antonio Spurs,SAS,0.8124500858427053,0.5933581711972771
Toronto Raptors,TOR,0.7241459133085131,0.8259754994403814
Utah Jazz,UTA,0.6387893284978492,0.8049890376094322
Washington Wizards,WAS,0.759609560369606,0.9328457752633275
